state_name,state_pcode,county_name,county_pcode,county_area_sqkm,iso3,country_name,population_2025_total,male_under5_n,female_under5_n,male_5_17_n,female_5_17_n,male_18_60_n,female_18_60_n,male_over60_n,female_over60_n,male_total_n,female_total_n,female_share_pct,male_share_pct,proxy_gam_2022_pct,hunger_status,health_facility_count,avg_facility_latitude,avg_facility_longitude,wfp_market_count,avg_market_latitude,avg_market_longitude,idp_households_est,idp_individuals_est,returnees_internal_ind_est,returnees_from_abroad_ind_est,national_risk_score,national_status,national_funding_gap_ratio,national_flood_area_pct,ethnic_groups_summary,ethnic_estimates_note,ethnic_source_url,life_expectancy_years_latest,female_life_expectancy_years_latest,male_life_expectancy_years_latest,maternal_mortality_per_100k_latest,population_growth_pct_latest,fertility_rate_latest,under5_mortality_per_1000_latest,record_level,country_code_iso2,data_sources
Abyei Region,SS00,Abyei Region,SS0001,10495.845837,SSD,South Sudan,,,,,,,,,,,,,,,,32.0,9.48139960726087,28.530240696956522,,,,,,,,0.3457028469067714,red,,4.873730214716376,"Dinka (largest), Nuer, Shilluk, Azande, Bari, Murle, Toposa, and other groups; ~60 indigenous groups reported.",Demographics pages report Dinka and Nuer as largest groups with multiple estimates.,https://en.wikipedia.org/wiki/Demographics_of_South_Sudan,57.9,60.9,54.9,1223.0,2.0,3.7,97.4,county,SS,ssd_adminboundaries_tabulardata.xlsx; ssd_2024_population_estimates_data.xlsx; south_sudan_nutrition.csv; who-master-facility-list_april2025.xlsx; wfp_markets_ssd.csv; ssd-dtm-mobility-tracking-r16-baseline-assessment-dataset_updated_20250507.xlsx; gold_country_risk_serving-2026-02-21.csv; demographic_data_iso.csv; web demographics sources
Central Equatoria,SS01,Juba,SS0101,18366.515382,SSD,South Sudan,570834.1373909959,42241.726166933695,55599.244981883,87908.45715821336,90762.62784516835,132433.51987471103,137571.02711123,13414.602228688402,10902.93202416802,275998.3054285465,294835.8319624494,51.650000000000006,48.35,9.4,green,116.0,4.783209229820754,31.524079222830192,7.0,4.838571428571428,31.551428571428573,27083.0,146754.0,56302.0,59932.0,0.3457028469067714,red,,4.873730214716376,"Dinka (largest), Nuer, Shilluk, Azande, Bari, Murle, Toposa, and other groups; ~60 indigenous groups reported.",Demographics pages report Dinka and Nuer as largest groups with multiple estimates.,https://en.wikipedia.org/wiki/Demographics_of_South_Sudan,57.9,60.9,54.9,1223.0,2.0,3.7,97.4,county,SS,ssd_adminboundaries_tabulardata.xlsx; ssd_2024_population_estimates_data.xlsx; south_sudan_nutrition.csv; who-master-facility-list_april2025.xlsx; wfp_markets_ssd.csv; ssd-dtm-mobility-tracking-r16-baseline-assessment-dataset_updated_20250507.xlsx; gold_country_risk_serving-2026-02-21.csv; demographic_data_iso.csv; web demographics sources
Central Equatoria,SS01,Kajo-keji,SS0102,2516.104961,SSD,South Sudan,257989.29882283875,4205.225570812271,7765.477894567446,14834.38468231323,14989.178261606932,84620.49001389112,82556.57562330841,32764.64095050052,16253.325825838841,136424.74121751715,121564.55760532164,47.120000000000005,52.88,,,51.0,3.838843723122449,31.559798597346937,,,,2586.0,12916.0,4807.0,34083.0,0.3457028469067714,red,,4.873730214716376,"Dinka (largest), Nuer, Shilluk, Azande, Bari, Murle, Toposa, and other groups; ~60 indigenous groups reported.",Demographics pages report Dinka and Nuer as largest groups with multiple estimates.,https://en.wikipedia.org/wiki/Demographics_of_South_Sudan,57.9,60.9,54.9,1223.0,2.0,3.7,97.4,county,SS,ssd_adminboundaries_tabulardata.xlsx; ssd_2024_population_estimates_data.xlsx; south_sudan_nutrition.csv; who-master-facility-list_april2025.xlsx; wfp_markets_ssd.csv; ssd-dtm-mobility-tracking-r16-baseline-assessment-dataset_updated_20250507.xlsx; gold_country_risk_serving-2026-02-21.csv; demographic_data_iso.csv; web demographics sources
Central Equatoria,SS01,Lainya,SS0103,3498.919685,SSD,South Sudan,119155.1016820589,12511.285676616184,12034.66526988795,13107.06118502648,12392.130574934125,34078.35908106885,27882.293793601784,3217.1877454155897,3932.1183555079438,62913.8936881271,56241.2079939318,47.199999999999996,52.800000000000004,10.9,yellow,22.0,4.180056631818181,30.93114412409091,,,,2191.0,8610.0,11561.0,8166.0,0.3457028469067714,red,,4.873730214716376,"Dinka (largest), Nuer, Shilluk, Azande, Bari, Murle, Toposa, and other groups; ~60 indigenous groups reported.",Demographics pages report Dinka and Nuer as largest groups with multiple estimates.,https://en.wikipedia.org/wiki/Demographics_of_South_Sudan,57.9,60.9,54.9,1223.0,2.0,3.7,97.4,county,SS,ssd_adminboundaries_tabulardata.xlsx; ssd_2024_population_estimates_data.xlsx; south_sudan_nutrition.csv; who-master-facility-list_april2025.xlsx; wfp_markets_ssd.csv; ssd-dtm-mobility-tracking-r16-baseline-assessment-dataset_updated_20250507.xlsx; gold_country_risk_serving-2026-02-21.csv; demographic_data_iso.csv; web demographics sources
Central Equatoria,SS01,Morobo,SS0104,1308.942617,SSD,South Sudan,136696.6297490318,11140.775324546092,14353.146123648337,24332.00009532766,22281.550649092183,29799.865285288928,27749.415839053458,4456.310129818437,2583.566302256701,69728.95083498112,66967.67891405067,48.99,51.01,10.9,yellow,15.0,3.695196955,30.78570967785714,1.0,3.68,30.78,1262.0,6375.0,6398.0,32017.0,0.3457028469067714,red,,4.873730214716376,"Dinka (largest), Nuer, Shilluk, Azande, Bari, Murle, Toposa, and other groups; ~60 indigenous groups reported.",Demographics pages report Dinka and Nuer as largest groups with multiple estimates.,https://en.wikipedia.org/wiki/Demographics_of_South_Sudan,57.9,60.9,54.9,1223.0,2.0,3.7,97.4,county,SS,ssd_adminboundaries_tabulardata.xlsx; ssd_2024_population_estimates_data.xlsx; south_sudan_nutrition.csv; who-master-facility-list_april2025.xlsx; wfp_markets_ssd.csv; ssd-dtm-mobility-tracking-r16-baseline-assessment-dataset_updated_20250507.xlsx; gold_country_risk_serving-2026-02-21.csv; demographic_data_iso.csv; web demographics sources
Central Equatoria,SS01,Terekeka,SS0105,10672.129565,SSD,South Sudan,266692.85729864676,23602.317870930237,22162.176441517546,48271.407171055056,43737.62859697807,51578.39860155828,61606.050035987406,4960.48714575483,10774.391434865329,128412.6107892984,138280.24650934836,51.85000000000001,48.14999999999999,8.8,green,44.0,5.5956922136363625,31.377133263636367,3.0,5.596666666666667,31.536666666666665,3099.0,18216.0,8651.0,156.0,0.3457028469067714,red,,4.873730214716376,"Dinka (largest), Nuer, Shilluk, Azande, Bari, Murle, Toposa, and other groups; ~60 indigenous groups reported.",Demographics pages report Dinka and Nuer as largest groups with multiple estimates.,https://en.wikipedia.org/wiki/Demographics_of_South_Sudan,57.9,60.9,54.9,1223.0,2.0,3.7,97.4,county,SS,ssd_adminboundaries_tabulardata.xlsx; ssd_2024_population_estimates_data.xlsx; south_sudan_nutrition.csv; who-master-facility-list_april2025.xlsx; wfp_markets_ssd.csv; ssd-dtm-mobility-tracking-r16-baseline-assessment-dataset_updated_20250507.xlsx; gold_country_risk_serving-2026-02-21.csv; demographic_data_iso.csv; web demographics sources
Central Equatoria,SS01,Yei,SS0106,6720.54881,SSD,South Sudan,327601.72713417624,30729.04200518573,39967.4107103695,47829.85216158973,61916.72642835931,57002.70052134666,63227.13333689602,17428.411883538174,9500.450086891111,152990.00657166028,174611.72056251593,53.29999999999999,46.69999999999999,10.9,yellow,41.0,4.059246182499999,30.578128192499996,1.0,4.09,30.68,6426.0,30387.0,28327.0,36119.0,0.3457028469067714,red,,4.873730214716376,"Dinka (largest), Nuer, Shilluk, Azande, Bari, Murle, Toposa, and other groups; ~60 indigenous groups reported.",Demographics pages report Dinka and Nuer as largest groups with multiple estimates.,https://en.wikipedia.org/wiki/Demographics_of_South_Sudan,57.9,60.9,54.9,1223.0,2.0,3.7,97.4,county,SS,ssd_adminboundaries_tabulardata.xlsx; ssd_2024_population_estimates_data.xlsx; south_sudan_nutrition.csv; who-master-facility-list_april2025.xlsx; wfp_markets_ssd.csv; ssd-dtm-mobility-tracking-r16-baseline-assessment-dataset_updated_20250507.xlsx; gold_country_risk_serving-2026-02-21.csv; demographic_data_iso.csv; web demographics sources
Eastern Equatoria,SS02,Budi,SS0201,5733.336181,SSD,South Sudan,108473.79633665689,11237.885300477654,10608.737281725043,20501.54750762815,18765.96676624164,17355.807413865103,23864.235194064517,1963.3757136934894,4176.24115896129,51058.61593566439,57415.18040099249,52.93,47.06999999999999,20.6,red,23.0,4.343561318181814,33.52234872727273,1.0,4.24,33.49,567.0,2845.0,3570.0,565.0,0.3457028469067714,red,,4.873730214716376,"Dinka (largest), Nuer, Shilluk, Azande, Bari, Murle, Toposa, and other groups; ~60 indigenous groups reported.",Demographics pages report Dinka and Nuer as largest groups with multiple estimates.,https://en.wikipedia.org/wiki/Demographics_of_South_Sudan,57.9,60.9,54.9,1223.0,2.0,3.7,97.4,county,SS,ssd_adminboundaries_tabulardata.xlsx; ssd_2024_population_estimates_data.xlsx; south_sudan_nutrition.csv; who-master-facility-list_april2025.xlsx; wfp_markets_ssd.csv; ssd-dtm-mobility-tracking-r16-baseline-assessment-dataset_updated_20250507.xlsx; gold_country_risk_serving-2026-02-21.csv; demographic_data_iso.csv; web demographics sources
Eastern Equatoria,SS02,Ikotos,SS0202,3511.097362,SSD,South Sudan,111147.89764864207,12904.270917007345,11670.529253107417,17561.367828485447,17339.072033188164,19006.290497917795,24230.24168740397,3089.9115546322496,5346.213876899684,52561.84079804284,58586.056850599234,52.71,47.290000000000006,9.4,green,28.0,4.09132685,33.114758560714286,,,,864.0,4344.0,5509.0,8125.0,0.3457028469067714,red,,4.873730214716376,"Dinka (largest), Nuer, Shilluk, Azande, Bari, Murle, Toposa, and other groups; ~60 indigenous groups reported.",Demographics pages report Dinka and Nuer as largest groups with multiple estimates.,https://en.wikipedia.org/wiki/Demographics_of_South_Sudan,57.9,60.9,54.9,1223.0,2.0,3.7,97.4,county,SS,ssd_adminboundaries_tabulardata.xlsx; ssd_2024_population_estimates_data.xlsx; south_sudan_nutrition.csv; who-master-facility-list_april2025.xlsx; wfp_markets_ssd.csv; ssd-dtm-mobility-tracking-r16-baseline-assessment-dataset_updated_20250507.xlsx; gold_country_risk_serving-2026-02-21.csv; demographic_data_iso.csv; web demographics sources
Eastern Equatoria,SS02,Kapoeta East,SS0203,29562.917496,SSD,South Sudan,175077.84063451004,23110.274963755324,15249.279919265824,30043.357452881923,29763.23290786671,33790.02324246044,36941.424373881615,3361.4945401825926,2818.7532342156114,90305.15019928028,84772.69043522976,48.419999999999995,51.580000000000005,11.3,yellow,24.0,4.813418299999998,34.1353047,2.0,4.83,34.245,244.0,1116.0,779.0,0.0,0.3457028469067714,red,,4.873730214716376,"Dinka (largest), Nuer, Shilluk, Azande, Bari, Murle, Toposa, and other groups; ~60 indigenous groups reported.",Demographics pages report Dinka and Nuer as largest groups with multiple estimates.,https://en.wikipedia.org/wiki/Demographics_of_South_Sudan,57.9,60.9,54.9,1223.0,2.0,3.7,97.4,county,SS,ssd_adminboundaries_tabulardata.xlsx; ssd_2024_population_estimates_data.xlsx; south_sudan_nutrition.csv; who-master-facility-list_april2025.xlsx; wfp_markets_ssd.csv; ssd-dtm-mobility-tracking-r16-baseline-assessment-dataset_updated_20250507.xlsx; gold_country_risk_serving-2026-02-21.csv; demographic_data_iso.csv; web demographics sources
Eastern Equatoria,SS02,Kapoeta North,SS0204,5733.154123,SSD,South Sudan,162158.1824956413,17675.2418920249,17350.925527033618,34377.534689075954,27080.416476772098,26269.62556429389,27729.049206754662,5562.025659600496,6113.363480085676,83884.42780499524,78273.75469064606,48.27000000000001,51.73,11.3,yellow,17.0,5.0357939999999966,33.51152718749999,,,,1510.0,7538.0,0.0,0.0,0.3457028469067714,red,,4.873730214716376,"Dinka (largest), Nuer, Shilluk, Azande, Bari, Murle, Toposa, and other groups; ~60 indigenous groups reported.",Demographics pages report Dinka and Nuer as largest groups with multiple estimates.,https://en.wikipedia.org/wiki/Demographics_of_South_Sudan,57.9,60.9,54.9,1223.0,2.0,3.7,97.4,county,SS,ssd_adminboundaries_tabulardata.xlsx; ssd_2024_population_estimates_data.xlsx; south_sudan_nutrition.csv; who-master-facility-list_april2025.xlsx; wfp_markets_ssd.csv; ssd-dtm-mobility-tracking-r16-baseline-assessment-dataset_updated_20250507.xlsx; gold_country_risk_serving-2026-02-21.csv; demographic_data_iso.csv; web demographics sources
Eastern Equatoria,SS02,Kapoeta South,SS0205,1200.207685,SSD,South Sudan,105511.34898970785,9812.55545604283,10762.157596950201,23085.88315894808,21629.82654289011,19308.576865116538,19836.133610065077,660.5010446755713,415.71471501944893,52867.51652478302,52643.83246492484,49.894,50.10600000000001,11.3,yellow,13.0,4.732488153846154,33.60013423076923,1.0,4.77,33.59,549.0,2776.0,2029.0,17.0,0.3457028469067714,red,,4.873730214716376,"Dinka (largest), Nuer, Shilluk, Azande, Bari, Murle, Toposa, and other groups; ~60 indigenous groups reported.",Demographics pages report Dinka and Nuer as largest groups with multiple estimates.,https://en.wikipedia.org/wiki/Demographics_of_South_Sudan,57.9,60.9,54.9,1223.0,2.0,3.7,97.4,county,SS,ssd_adminboundaries_tabulardata.xlsx; ssd_2024_population_estimates_data.xlsx; south_sudan_nutrition.csv; who-master-facility-list_april2025.xlsx; wfp_markets_ssd.csv; ssd-dtm-mobility-tracking-r16-baseline-assessment-dataset_updated_20250507.xlsx; gold_country_risk_serving-2026-02-21.csv; demographic_data_iso.csv; web demographics sources
Eastern Equatoria,SS02,Lafon,SS0206,16242.152964,SSD,South Sudan,163767.03771167423,19815.81156311258,22108.550091076024,23909.987505904443,30133.134938948057,30788.203089794755,31607.038278353128,1473.9033394050682,3930.4089050801817,75987.90549821685,87779.13221345739,53.6,46.400000000000006,22.3,red,28.0,4.837512928571427,32.625089547500004,,,,2235.0,12315.0,17321.0,14000.0,0.3457028469067714,red,,4.873730214716376,"Dinka (largest), Nuer, Shilluk, Azande, Bari, Murle, Toposa, and other groups; ~60 indigenous groups reported.",Demographics pages report Dinka and Nuer as largest groups with multiple estimates.,https://en.wikipedia.org/wiki/Demographics_of_South_Sudan,57.9,60.9,54.9,1223.0,2.0,3.7,97.4,county,SS,ssd_adminboundaries_tabulardata.xlsx; ssd_2024_population_estimates_data.xlsx; south_sudan_nutrition.csv; who-master-facility-list_april2025.xlsx; wfp_markets_ssd.csv; ssd-dtm-mobility-tracking-r16-baseline-assessment-dataset_updated_20250507.xlsx; gold_country_risk_serving-2026-02-21.csv; demographic_data_iso.csv; web demographics sources
Eastern Equatoria,SS02,Magwi,SS0207,5200.668806,SSD,South Sudan,314108.59224918525,40834.11699239408,28835.168768475207,51419.57655119163,46488.071652879415,58110.08956609927,63764.044226584614,10773.924714147053,13883.599777413989,161137.70782383205,152970.88442535323,48.7,51.300000000000004,9.4,green,49.0,3.8841406247916663,32.21028881895833,2.0,3.865,32.18,8777.0,50525.0,12000.0,125604.0,0.3457028469067714,red,,4.873730214716376,"Dinka (largest), Nuer, Shilluk, Azande, Bari, Murle, Toposa, and other groups; ~60 indigenous groups reported.",Demographics pages report Dinka and Nuer as largest groups with multiple estimates.,https://en.wikipedia.org/wiki/Demographics_of_South_Sudan,57.9,60.9,54.9,1223.0,2.0,3.7,97.4,county,SS,ssd_adminboundaries_tabulardata.xlsx; ssd_2024_population_estimates_data.xlsx; south_sudan_nutrition.csv; who-master-facility-list_april2025.xlsx; wfp_markets_ssd.csv; ssd-dtm-mobility-tracking-r16-baseline-assessment-dataset_updated_20250507.xlsx; gold_country_risk_serving-2026-02-21.csv; demographic_data_iso.csv; web demographics sources
Eastern Equatoria,SS02,Torit,SS0208,5838.56666,SSD,South Sudan,65843.69992102544,7045.2758915497225,7703.712890759977,9679.02388839074,12115.24078546868,13102.896284284066,13629.645883652267,724.2806991312798,1843.6235977887125,30551.476763355808,35292.223157669636,53.599999999999994,46.400000000000006,9.4,green,43.0,4.428717839761904,32.606898909523814,1.0,4.41,32.57,199.0,1019.0,5651.0,2155.0,0.3457028469067714,red,,4.873730214716376,"Dinka (largest), Nuer, Shilluk, Azande, Bari, Murle, Toposa, and other groups; ~60 indigenous groups reported.",Demographics pages report Dinka and Nuer as largest groups with multiple estimates.,https://en.wikipedia.org/wiki/Demographics_of_South_Sudan,57.9,60.9,54.9,1223.0,2.0,3.7,97.4,county,SS,ssd_adminboundaries_tabulardata.xlsx; ssd_2024_population_estimates_data.xlsx; south_sudan_nutrition.csv; who-master-facility-list_april2025.xlsx; wfp_markets_ssd.csv; ssd-dtm-mobility-tracking-r16-baseline-assessment-dataset_updated_20250507.xlsx; gold_country_risk_serving-2026-02-21.csv; demographic_data_iso.csv; web demographics sources
Jonglei,SS03,Akobo,SS0301,9024.06902,SSD,South Sudan,238041.72101560212,22304.50925916192,18233.995829795123,42133.38461976158,37848.63364148074,42061.972103456894,49988.76141327644,9807.318905842807,15663.145242826618,116307.1848882232,121734.53612737892,51.13999999999999,48.86000000000001,25.5,red,17.0,7.923102283705883,32.82336639117647,2.0,7.975,32.625,1575.0,9160.0,8342.0,6735.0,0.3457028469067714,red,,4.873730214716376,"Dinka (largest), Nuer, Shilluk, Azande, Bari, Murle, Toposa, and other groups; ~60 indigenous groups reported.",Demographics pages report Dinka and Nuer as largest groups with multiple estimates.,https://en.wikipedia.org/wiki/Demographics_of_South_Sudan,57.9,60.9,54.9,1223.0,2.0,3.7,97.4,county,SS,ssd_adminboundaries_tabulardata.xlsx; ssd_2024_population_estimates_data.xlsx; south_sudan_nutrition.csv; who-master-facility-list_april2025.xlsx; wfp_markets_ssd.csv; ssd-dtm-mobility-tracking-r16-baseline-assessment-dataset_updated_20250507.xlsx; gold_country_risk_serving-2026-02-21.csv; demographic_data_iso.csv; web demographics sources
Jonglei,SS03,Ayod,SS0302,13449.15181,SSD,South Sudan,205709.13592529,18205.258529388164,19789.218876012896,34559.13483544872,31062.07952471879,43198.9185443109,42581.79113653503,6232.9868185362875,10079.74766033921,102196.29872768407,103512.83719760593,50.32,49.68,22.2,red,18.0,8.3164444375,31.1097800625,1.0,8.13,31.41,3270.0,19140.0,31240.0,7602.0,0.3457028469067714,red,,4.873730214716376,"Dinka (largest), Nuer, Shilluk, Azande, Bari, Murle, Toposa, and other groups; ~60 indigenous groups reported.",Demographics pages report Dinka and Nuer as largest groups with multiple estimates.,https://en.wikipedia.org/wiki/Demographics_of_South_Sudan,57.9,60.9,54.9,1223.0,2.0,3.7,97.4,county,SS,ssd_adminboundaries_tabulardata.xlsx; ssd_2024_population_estimates_data.xlsx; south_sudan_nutrition.csv; who-master-facility-list_april2025.xlsx; wfp_markets_ssd.csv; ssd-dtm-mobility-tracking-r16-baseline-assessment-dataset_updated_20250507.xlsx; gold_country_risk_serving-2026-02-21.csv; demographic_data_iso.csv; web demographics sources
Jonglei,SS03,Bor South,SS0303,13962.839597,SSD,South Sudan,354711.1334928438,47282.99409459608,32065.886467753076,58882.04815981207,54980.225691390784,60655.60382727629,79455.29390239701,13230.725279283073,8158.356070335407,180051.37136096752,174659.76213187628,49.24,50.760000000000005,22.3,red,38.0,6.257060500416667,31.59300365166667,2.0,6.205,31.585,14675.0,84667.0,52786.0,3391.0,0.3457028469067714,red,,4.873730214716376,"Dinka (largest), Nuer, Shilluk, Azande, Bari, Murle, Toposa, and other groups; ~60 indigenous groups reported.",Demographics pages report Dinka and Nuer as largest groups with multiple estimates.,https://en.wikipedia.org/wiki/Demographics_of_South_Sudan,57.9,60.9,54.9,1223.0,2.0,3.7,97.4,county,SS,ssd_adminboundaries_tabulardata.xlsx; ssd_2024_population_estimates_data.xlsx; south_sudan_nutrition.csv; who-master-facility-list_april2025.xlsx; wfp_markets_ssd.csv; ssd-dtm-mobility-tracking-r16-baseline-assessment-dataset_updated_20250507.xlsx; gold_country_risk_serving-2026-02-21.csv; demographic_data_iso.csv; web demographics sources
Jonglei,SS03,Canal/Pigi,SS0304,4438.71541,SSD,South Sudan,111613.13840110668,10134.472966820487,7154.402171510939,15737.45251455604,17188.42331377043,23773.598479435725,26898.76635466671,5201.172249491572,5524.850350854781,54846.696210303824,56766.44219080286,50.86000000000001,49.14,19.6,yellow,17.0,9.311073444466667,31.42145,,,,4977.0,26272.0,4872.0,739.0,0.3457028469067714,red,,4.873730214716376,"Dinka (largest), Nuer, Shilluk, Azande, Bari, Murle, Toposa, and other groups; ~60 indigenous groups reported.",Demographics pages report Dinka and Nuer as largest groups with multiple estimates.,https://en.wikipedia.org/wiki/Demographics_of_South_Sudan,57.9,60.9,54.9,1223.0,2.0,3.7,97.4,county,SS,ssd_adminboundaries_tabulardata.xlsx; ssd_2024_population_estimates_data.xlsx; south_sudan_nutrition.csv; who-master-facility-list_april2025.xlsx; wfp_markets_ssd.csv; ssd-dtm-mobility-tracking-r16-baseline-assessment-dataset_updated_20250507.xlsx; gold_country_risk_serving-2026-02-21.csv; demographic_data_iso.csv; web demographics sources
Jonglei,SS03,Duk,SS0305,6885.077944,SSD,South Sudan,206545.44235131986,23133.089543347825,19787.05337725644,36351.9978538323,32840.72533385986,38685.961352402206,43167.99745142585,5060.363337607337,7518.254101588043,103231.41208718966,103314.0302641302,50.019999999999996,49.98,25.5,red,19.0,7.709696235294117,31.569686510000004,2.0,7.635,31.439999999999998,8314.0,50323.0,13500.0,1596.0,0.3457028469067714,red,,4.873730214716376,"Dinka (largest), Nuer, Shilluk, Azande, Bari, Murle, Toposa, and other groups; ~60 indigenous groups reported.",Demographics pages report Dinka and Nuer as largest groups with multiple estimates.,https://en.wikipedia.org/wiki/Demographics_of_South_Sudan,57.9,60.9,54.9,1223.0,2.0,3.7,97.4,county,SS,ssd_adminboundaries_tabulardata.xlsx; ssd_2024_population_estimates_data.xlsx; south_sudan_nutrition.csv; who-master-facility-list_april2025.xlsx; wfp_markets_ssd.csv; ssd-dtm-mobility-tracking-r16-baseline-assessment-dataset_updated_20250507.xlsx; gold_country_risk_serving-2026-02-21.csv; demographic_data_iso.csv; web demographics sources
Jonglei,SS03,Fangak,SS0306,7655.480272,SSD,South Sudan,213029.10373006188,21068.57835890312,23646.23051403687,44949.14088704305,34723.743908000084,40092.07732199765,31528.307352049156,6838.234229734985,10182.79115829696,112948.0307976788,100081.07293238306,46.98,53.02,22.2,red,25.0,9.2632331515,30.841015196818184,3.0,9.200000000000001,30.91,4816.0,27208.0,31339.0,26575.0,0.3457028469067714,red,,4.873730214716376,"Dinka (largest), Nuer, Shilluk, Azande, Bari, Murle, Toposa, and other groups; ~60 indigenous groups reported.",Demographics pages report Dinka and Nuer as largest groups with multiple estimates.,https://en.wikipedia.org/wiki/Demographics_of_South_Sudan,57.9,60.9,54.9,1223.0,2.0,3.7,97.4,county,SS,ssd_adminboundaries_tabulardata.xlsx; ssd_2024_population_estimates_data.xlsx; south_sudan_nutrition.csv; who-master-facility-list_april2025.xlsx; wfp_markets_ssd.csv; ssd-dtm-mobility-tracking-r16-baseline-assessment-dataset_updated_20250507.xlsx; gold_country_risk_serving-2026-02-21.csv; demographic_data_iso.csv; web demographics sources
Jonglei,SS03,Nyirol,SS0307,7076.577382,SSD,South Sudan,153294.86998934194,13796.538299040774,11727.057554184657,33418.28165767654,29340.638115960046,24527.179198294707,28512.845818017602,4292.256359701575,7680.072986466031,76034.25551471359,77260.61447462832,50.39999999999999,49.59999999999999,19.6,yellow,11.0,8.394516454545455,32.02686572727273,1.0,8.52,32.06,4749.0,26224.0,21504.0,10467.0,0.3457028469067714,red,,4.873730214716376,"Dinka (largest), Nuer, Shilluk, Azande, Bari, Murle, Toposa, and other groups; ~60 indigenous groups reported.",Demographics pages report Dinka and Nuer as largest groups with multiple estimates.,https://en.wikipedia.org/wiki/Demographics_of_South_Sudan,57.9,60.9,54.9,1223.0,2.0,3.7,97.4,county,SS,ssd_adminboundaries_tabulardata.xlsx; ssd_2024_population_estimates_data.xlsx; south_sudan_nutrition.csv; who-master-facility-list_april2025.xlsx; wfp_markets_ssd.csv; ssd-dtm-mobility-tracking-r16-baseline-assessment-dataset_updated_20250507.xlsx; gold_country_risk_serving-2026-02-21.csv; demographic_data_iso.csv; web demographics sources
Jonglei,SS03,Pibor,SS0308,33049.90351,SSD,South Sudan,237649.09242000672,32557.925661540925,27804.943813140788,32795.57475396092,36835.60932510104,40804.34916851515,46579.22211432132,7390.88677426221,12880.580809164365,113548.73635827922,124100.35606172752,52.22,47.78,18.5,yellow,23.0,6.439010886210527,33.82140826526316,3.0,6.826666666666667,33.016666666666666,3995.0,21514.0,17272.0,2455.0,0.3457028469067714,red,,4.873730214716376,"Dinka (largest), Nuer, Shilluk, Azande, Bari, Murle, Toposa, and other groups; ~60 indigenous groups reported.",Demographics pages report Dinka and Nuer as largest groups with multiple estimates.,https://en.wikipedia.org/wiki/Demographics_of_South_Sudan,57.9,60.9,54.9,1223.0,2.0,3.7,97.4,county,SS,ssd_adminboundaries_tabulardata.xlsx; ssd_2024_population_estimates_data.xlsx; south_sudan_nutrition.csv; who-master-facility-list_april2025.xlsx; wfp_markets_ssd.csv; ssd-dtm-mobility-tracking-r16-baseline-assessment-dataset_updated_20250507.xlsx; gold_country_risk_serving-2026-02-21.csv; demographic_data_iso.csv; web demographics sources
Jonglei,SS03,Pochalla,SS0309,8261.130175,SSD,South Sudan,82567.65881712468,11229.201599128957,8520.982389927267,16100.693469339314,14366.772634179693,8669.604175798091,22458.403198257914,531.7357227822831,690.2656277111623,36531.234967048644,46036.42385007603,55.75599999999999,44.244,11.8,yellow,9.0,7.118675566666667,33.97470018888889,,,,1661.0,9853.0,3473.0,2595.0,0.3457028469067714,red,,4.873730214716376,"Dinka (largest), Nuer, Shilluk, Azande, Bari, Murle, Toposa, and other groups; ~60 indigenous groups reported.",Demographics pages report Dinka and Nuer as largest groups with multiple estimates.,https://en.wikipedia.org/wiki/Demographics_of_South_Sudan,57.9,60.9,54.9,1223.0,2.0,3.7,97.4,county,SS,ssd_adminboundaries_tabulardata.xlsx; ssd_2024_population_estimates_data.xlsx; south_sudan_nutrition.csv; who-master-facility-list_april2025.xlsx; wfp_markets_ssd.csv; ssd-dtm-mobility-tracking-r16-baseline-assessment-dataset_updated_20250507.xlsx; gold_country_risk_serving-2026-02-21.csv; demographic_data_iso.csv; web demographics sources
Jonglei,SS03,Twic East,SS0310,5943.8878,SSD,South Sudan,129822.0621484151,9567.885980338193,10827.15998317782,19732.9534465591,22459.216751675813,23367.97118671472,33234.44790999427,5348.668960514702,5283.757929440495,58017.479574126715,71804.5825742884,55.31,44.690000000000005,20.7,red,14.0,7.152162142857143,31.38494785714286,1.0,7.24,31.22,2035.0,12231.0,8542.0,2653.0,0.3457028469067714,red,,4.873730214716376,"Dinka (largest), Nuer, Shilluk, Azande, Bari, Murle, Toposa, and other groups; ~60 indigenous groups reported.",Demographics pages report Dinka and Nuer as largest groups with multiple estimates.,https://en.wikipedia.org/wiki/Demographics_of_South_Sudan,57.9,60.9,54.9,1223.0,2.0,3.7,97.4,county,SS,ssd_adminboundaries_tabulardata.xlsx; ssd_2024_population_estimates_data.xlsx; south_sudan_nutrition.csv; who-master-facility-list_april2025.xlsx; wfp_markets_ssd.csv; ssd-dtm-mobility-tracking-r16-baseline-assessment-dataset_updated_20250507.xlsx; gold_country_risk_serving-2026-02-21.csv; demographic_data_iso.csv; web demographics sources
Jonglei,SS03,Uror,SS0311,12170.86993,SSD,South Sudan,,,,,,,,,,,,,,25.5,red,12.0,8.01374090909091,31.90376090909091,2.0,7.915,31.905,1610.0,10279.0,7366.0,4566.0,0.3457028469067714,red,,4.873730214716376,"Dinka (largest), Nuer, Shilluk, Azande, Bari, Murle, Toposa, and other groups; ~60 indigenous groups reported.",Demographics pages report Dinka and Nuer as largest groups with multiple estimates.,https://en.wikipedia.org/wiki/Demographics_of_South_Sudan,57.9,60.9,54.9,1223.0,2.0,3.7,97.4,county,SS,ssd_adminboundaries_tabulardata.xlsx; ssd_2024_population_estimates_data.xlsx; south_sudan_nutrition.csv; who-master-facility-list_april2025.xlsx; wfp_markets_ssd.csv; ssd-dtm-mobility-tracking-r16-baseline-assessment-dataset_updated_20250507.xlsx; gold_country_risk_serving-2026-02-21.csv; demographic_data_iso.csv; web demographics sources
Lakes,SS04,Awerial,SS0401,4528.655847,SSD,South Sudan,144223.10318446739,9143.744741895232,8797.60929425251,32738.6444228741,33748.20614516537,25585.178504924515,27979.282017786674,2769.083581141774,3461.3544764272174,70236.65125083562,73986.45193363179,51.30000000000001,48.7,13.4,yellow,8.0,6.108958124999997,31.282207737500002,1.0,6.05,31.52,7524.0,39430.0,5800.0,257.0,0.3457028469067714,red,,4.873730214716376,"Dinka (largest), Nuer, Shilluk, Azande, Bari, Murle, Toposa, and other groups; ~60 indigenous groups reported.",Demographics pages report Dinka and Nuer as largest groups with multiple estimates.,https://en.wikipedia.org/wiki/Demographics_of_South_Sudan,57.9,60.9,54.9,1223.0,2.0,3.7,97.4,county,SS,ssd_adminboundaries_tabulardata.xlsx; ssd_2024_population_estimates_data.xlsx; south_sudan_nutrition.csv; who-master-facility-list_april2025.xlsx; wfp_markets_ssd.csv; ssd-dtm-mobility-tracking-r16-baseline-assessment-dataset_updated_20250507.xlsx; gold_country_risk_serving-2026-02-21.csv; demographic_data_iso.csv; web demographics sources
Lakes,SS04,Cueibet,SS0402,4862.319373,SSD,South Sudan,189198.79578428858,14265.589202135357,8059.868700410693,42569.72905146493,38596.554339994866,33488.18685381908,31407.000100191904,9422.100030057572,11389.767506214172,99745.60513747693,89453.19064681162,47.27999999999999,52.72,13.4,yellow,15.0,7.020426866666664,29.2592338,1.0,7.01,29.25,1427.0,7918.0,8475.0,33.0,0.3457028469067714,red,,4.873730214716376,"Dinka (largest), Nuer, Shilluk, Azande, Bari, Murle, Toposa, and other groups; ~60 indigenous groups reported.",Demographics pages report Dinka and Nuer as largest groups with multiple estimates.,https://en.wikipedia.org/wiki/Demographics_of_South_Sudan,57.9,60.9,54.9,1223.0,2.0,3.7,97.4,county,SS,ssd_adminboundaries_tabulardata.xlsx; ssd_2024_population_estimates_data.xlsx; south_sudan_nutrition.csv; who-master-facility-list_april2025.xlsx; wfp_markets_ssd.csv; ssd-dtm-mobility-tracking-r16-baseline-assessment-dataset_updated_20250507.xlsx; gold_country_risk_serving-2026-02-21.csv; demographic_data_iso.csv; web demographics sources
Lakes,SS04,Rumbek Centre,SS0403,3853.363119,SSD,South Sudan,222497.10257945093,18044.515019193474,12393.088613675416,49171.85967005866,50284.34518295591,43609.432105572385,42941.94079783403,2291.7201565683445,3760.2010335927203,113117.52695139287,109379.57562805808,49.160000000000004,50.84000000000001,8.9,green,24.0,6.835203390434782,29.67729345956522,1.0,6.8,29.68,253.0,1464.0,8383.0,278.0,0.3457028469067714,red,,4.873730214716376,"Dinka (largest), Nuer, Shilluk, Azande, Bari, Murle, Toposa, and other groups; ~60 indigenous groups reported.",Demographics pages report Dinka and Nuer as largest groups with multiple estimates.,https://en.wikipedia.org/wiki/Demographics_of_South_Sudan,57.9,60.9,54.9,1223.0,2.0,3.7,97.4,county,SS,ssd_adminboundaries_tabulardata.xlsx; ssd_2024_population_estimates_data.xlsx; south_sudan_nutrition.csv; who-master-facility-list_april2025.xlsx; wfp_markets_ssd.csv; ssd-dtm-mobility-tracking-r16-baseline-assessment-dataset_updated_20250507.xlsx; gold_country_risk_serving-2026-02-21.csv; demographic_data_iso.csv; web demographics sources
Lakes,SS04,Rumbek East,SS0404,3566.754483,SSD,South Sudan,180970.0431129817,16794.0200008847,14151.85737143517,33099.42088536435,36917.88879504826,36013.03857948336,36194.00862259634,2859.3266811851104,4940.4821769844,88765.80614691752,92204.23696606417,50.95,49.05,8.9,green,24.0,6.629319986666665,29.84964758166667,4.0,6.66,29.955,1745.0,8561.0,17460.0,256.0,0.3457028469067714,red,,4.873730214716376,"Dinka (largest), Nuer, Shilluk, Azande, Bari, Murle, Toposa, and other groups; ~60 indigenous groups reported.",Demographics pages report Dinka and Nuer as largest groups with multiple estimates.,https://en.wikipedia.org/wiki/Demographics_of_South_Sudan,57.9,60.9,54.9,1223.0,2.0,3.7,97.4,county,SS,ssd_adminboundaries_tabulardata.xlsx; ssd_2024_population_estimates_data.xlsx; south_sudan_nutrition.csv; who-master-facility-list_april2025.xlsx; wfp_markets_ssd.csv; ssd-dtm-mobility-tracking-r16-baseline-assessment-dataset_updated_20250507.xlsx; gold_country_risk_serving-2026-02-21.csv; demographic_data_iso.csv; web demographics sources
Lakes,SS04,Rumbek North,SS0405,4103.894171,SSD,South Sudan,75046.75698770842,7166.965292326154,7324.5634820003415,15234.491668504808,16210.099509345018,11332.06030514397,12757.948687910432,2378.982196510357,2641.6458459673363,36112.499462485284,38934.257525223125,51.879999999999995,48.11999999999999,8.9,green,8.0,7.657331874999996,29.680663625,1.0,7.7,29.72,3841.0,18620.0,11641.0,0.0,0.3457028469067714,red,,4.873730214716376,"Dinka (largest), Nuer, Shilluk, Azande, Bari, Murle, Toposa, and other groups; ~60 indigenous groups reported.",Demographics pages report Dinka and Nuer as largest groups with multiple estimates.,https://en.wikipedia.org/wiki/Demographics_of_South_Sudan,57.9,60.9,54.9,1223.0,2.0,3.7,97.4,county,SS,ssd_adminboundaries_tabulardata.xlsx; ssd_2024_population_estimates_data.xlsx; south_sudan_nutrition.csv; who-master-facility-list_april2025.xlsx; wfp_markets_ssd.csv; ssd-dtm-mobility-tracking-r16-baseline-assessment-dataset_updated_20250507.xlsx; gold_country_risk_serving-2026-02-21.csv; demographic_data_iso.csv; web demographics sources
Lakes,SS04,Wulu,SS0406,11843.538686,SSD,South Sudan,92246.65604849727,7425.855811904031,6512.613917023907,20017.52436252391,16973.384712923496,18264.83789760246,17342.37133711749,2601.3557005676225,3108.7123088343583,48309.57377259802,43937.08227589925,47.63,52.370000000000005,8.8,green,14.0,6.455454067142855,29.561006158571427,1.0,6.51,29.63,1684.0,8639.0,11453.0,502.0,0.3457028469067714,red,,4.873730214716376,"Dinka (largest), Nuer, Shilluk, Azande, Bari, Murle, Toposa, and other groups; ~60 indigenous groups reported.",Demographics pages report Dinka and Nuer as largest groups with multiple estimates.,https://en.wikipedia.org/wiki/Demographics_of_South_Sudan,57.9,60.9,54.9,1223.0,2.0,3.7,97.4,county,SS,ssd_adminboundaries_tabulardata.xlsx; ssd_2024_population_estimates_data.xlsx; south_sudan_nutrition.csv; who-master-facility-list_april2025.xlsx; wfp_markets_ssd.csv; ssd-dtm-mobility-tracking-r16-baseline-assessment-dataset_updated_20250507.xlsx; gold_country_risk_serving-2026-02-21.csv; demographic_data_iso.csv; web demographics sources
Lakes,SS04,Yirol East,SS0407,5568.594745,SSD,South Sudan,165810.49363138128,17907.533312189178,15917.807388612604,26363.868487389624,28353.5944109662,33659.5302071704,32498.856751750733,4244.748636963362,6864.554436339185,82175.68064371256,83634.81298766872,50.44,49.559999999999995,13.4,yellow,11.0,6.7474620909090905,30.625406363636365,1.0,6.71,30.6,4660.0,24602.0,9315.0,208.0,0.3457028469067714,red,,4.873730214716376,"Dinka (largest), Nuer, Shilluk, Azande, Bari, Murle, Toposa, and other groups; ~60 indigenous groups reported.",Demographics pages report Dinka and Nuer as largest groups with multiple estimates.,https://en.wikipedia.org/wiki/Demographics_of_South_Sudan,57.9,60.9,54.9,1223.0,2.0,3.7,97.4,county,SS,ssd_adminboundaries_tabulardata.xlsx; ssd_2024_population_estimates_data.xlsx; south_sudan_nutrition.csv; who-master-facility-list_april2025.xlsx; wfp_markets_ssd.csv; ssd-dtm-mobility-tracking-r16-baseline-assessment-dataset_updated_20250507.xlsx; gold_country_risk_serving-2026-02-21.csv; demographic_data_iso.csv; web demographics sources
Lakes,SS04,Yirol West,SS0408,4858.701994,SSD,South Sudan,181324.9418411846,16174.184812233667,14143.345463612399,30281.26528747783,37171.61307744284,38078.237786648766,31187.88999668375,5584.808208708485,8703.597208376861,90118.49609506875,91206.44574611585,50.3,49.7,13.4,yellow,15.0,6.490723795533331,30.37818864466667,1.0,6.55,30.5,1448.0,7643.0,11153.0,2070.0,0.3457028469067714,red,,4.873730214716376,"Dinka (largest), Nuer, Shilluk, Azande, Bari, Murle, Toposa, and other groups; ~60 indigenous groups reported.",Demographics pages report Dinka and Nuer as largest groups with multiple estimates.,https://en.wikipedia.org/wiki/Demographics_of_South_Sudan,57.9,60.9,54.9,1223.0,2.0,3.7,97.4,county,SS,ssd_adminboundaries_tabulardata.xlsx; ssd_2024_population_estimates_data.xlsx; south_sudan_nutrition.csv; who-master-facility-list_april2025.xlsx; wfp_markets_ssd.csv; ssd-dtm-mobility-tracking-r16-baseline-assessment-dataset_updated_20250507.xlsx; gold_country_risk_serving-2026-02-21.csv; demographic_data_iso.csv; web demographics sources
Northern Bahr el Ghazal,SS05,Aweil Centre,SS0501,11156.709546,SSD,South Sudan,78958.42399909467,13975.641047839756,10975.22093587416,11109.450256672619,10501.470391879591,11764.805175865105,13343.973655847,2929.3575303664115,4358.505004750025,39779.25401074389,39179.16998835078,49.62000000000001,50.38,9.9,green,23.0,8.604141536363635,27.148312368181816,5.0,8.452,27.254,1683.0,8914.0,4878.0,10962.0,0.3457028469067714,red,,4.873730214716376,"Dinka (largest), Nuer, Shilluk, Azande, Bari, Murle, Toposa, and other groups; ~60 indigenous groups reported.",Demographics pages report Dinka and Nuer as largest groups with multiple estimates.,https://en.wikipedia.org/wiki/Demographics_of_South_Sudan,57.9,60.9,54.9,1223.0,2.0,3.7,97.4,county,SS,ssd_adminboundaries_tabulardata.xlsx; ssd_2024_population_estimates_data.xlsx; south_sudan_nutrition.csv; who-master-facility-list_april2025.xlsx; wfp_markets_ssd.csv; ssd-dtm-mobility-tracking-r16-baseline-assessment-dataset_updated_20250507.xlsx; gold_country_risk_serving-2026-02-21.csv; demographic_data_iso.csv; web demographics sources
Northern Bahr el Ghazal,SS05,Aweil East,SS0502,6367.529747,SSD,South Sudan,395769.2028790267,33798.68992586888,36964.843548901095,80261.99434386662,84298.84021323269,61739.99564912818,71238.4565182248,10685.768477733722,16780.614202070734,186486.4483965974,209282.75448242936,52.88,47.120000000000005,15.9,yellow,55.0,9.178433725454545,27.594399720000002,5.0,9.136,27.538,4119.0,20386.0,890.0,88729.0,0.3457028469067714,red,,4.873730214716376,"Dinka (largest), Nuer, Shilluk, Azande, Bari, Murle, Toposa, and other groups; ~60 indigenous groups reported.",Demographics pages report Dinka and Nuer as largest groups with multiple estimates.,https://en.wikipedia.org/wiki/Demographics_of_South_Sudan,57.9,60.9,54.9,1223.0,2.0,3.7,97.4,county,SS,ssd_adminboundaries_tabulardata.xlsx; ssd_2024_population_estimates_data.xlsx; south_sudan_nutrition.csv; who-master-facility-list_april2025.xlsx; wfp_markets_ssd.csv; ssd-dtm-mobility-tracking-r16-baseline-assessment-dataset_updated_20250507.xlsx; gold_country_risk_serving-2026-02-21.csv; demographic_data_iso.csv; web demographics sources
Northern Bahr el Ghazal,SS05,Aweil North,SS0503,6342.839059,SSD,South Sudan,185929.4750951999,14799.986217577913,12606.018411454552,37594.93986424941,43879.35612246717,28633.139164660788,34954.74131789758,6823.611735993836,6637.682260898637,87851.67698248195,98077.79811271795,52.75000000000001,47.25,15.9,yellow,44.0,9.217854484090909,26.97555055,4.0,9.165,27.065,0.0,0.0,0.0,73785.0,0.3457028469067714,red,,4.873730214716376,"Dinka (largest), Nuer, Shilluk, Azande, Bari, Murle, Toposa, and other groups; ~60 indigenous groups reported.",Demographics pages report Dinka and Nuer as largest groups with multiple estimates.,https://en.wikipedia.org/wiki/Demographics_of_South_Sudan,57.9,60.9,54.9,1223.0,2.0,3.7,97.4,county,SS,ssd_adminboundaries_tabulardata.xlsx; ssd_2024_population_estimates_data.xlsx; south_sudan_nutrition.csv; who-master-facility-list_april2025.xlsx; wfp_markets_ssd.csv; ssd-dtm-mobility-tracking-r16-baseline-assessment-dataset_updated_20250507.xlsx; gold_country_risk_serving-2026-02-21.csv; demographic_data_iso.csv; web demographics sources
Northern Bahr el Ghazal,SS05,Aweil South,SS0504,1976.883107,SSD,South Sudan,151603.99788066585,16676.43976687324,13128.906216465663,24029.233664085536,28653.155599445847,29411.17558884917,34868.91951255315,2380.182766726454,2455.9847656667866,72497.03178653441,79106.96609413145,52.18000000000001,47.82,15.9,yellow,20.0,8.693017305000001,27.71652039,6.0,8.700000000000001,27.746666666666666,1306.0,6338.0,10256.0,8281.0,0.3457028469067714,red,,4.873730214716376,"Dinka (largest), Nuer, Shilluk, Azande, Bari, Murle, Toposa, and other groups; ~60 indigenous groups reported.",Demographics pages report Dinka and Nuer as largest groups with multiple estimates.,https://en.wikipedia.org/wiki/Demographics_of_South_Sudan,57.9,60.9,54.9,1223.0,2.0,3.7,97.4,county,SS,ssd_adminboundaries_tabulardata.xlsx; ssd_2024_population_estimates_data.xlsx; south_sudan_nutrition.csv; who-master-facility-list_april2025.xlsx; wfp_markets_ssd.csv; ssd-dtm-mobility-tracking-r16-baseline-assessment-dataset_updated_20250507.xlsx; gold_country_risk_serving-2026-02-21.csv; demographic_data_iso.csv; web demographics sources
Northern Bahr el Ghazal,SS05,Aweil West,SS0505,5007.836284,SSD,South Sudan,223172.85012132523,22763.630712375172,25888.050614073727,42626.01437317312,43072.36007341577,38832.07592111059,40171.11302183854,4865.16813264489,4954.437272693421,109086.88913930378,114085.96098202145,51.12,48.88,15.9,yellow,45.0,8.997670924444444,26.920451324444443,4.0,9.032499999999999,27.0725,3917.0,19579.0,6513.0,50761.0,0.3457028469067714,red,,4.873730214716376,"Dinka (largest), Nuer, Shilluk, Azande, Bari, Murle, Toposa, and other groups; ~60 indigenous groups reported.",Demographics pages report Dinka and Nuer as largest groups with multiple estimates.,https://en.wikipedia.org/wiki/Demographics_of_South_Sudan,57.9,60.9,54.9,1223.0,2.0,3.7,97.4,county,SS,ssd_adminboundaries_tabulardata.xlsx; ssd_2024_population_estimates_data.xlsx; south_sudan_nutrition.csv; who-master-facility-list_april2025.xlsx; wfp_markets_ssd.csv; ssd-dtm-mobility-tracking-r16-baseline-assessment-dataset_updated_20250507.xlsx; gold_country_risk_serving-2026-02-21.csv; demographic_data_iso.csv; web demographics sources
Unity,SS06,Abiemnhom,SS0601,2407.772593,SSD,South Sudan,60349.39265536997,5992.694690678238,5141.768254237521,11056.00873446378,9655.902824859195,12009.529138418624,14061.408488701203,1098.3589463277335,1333.7215776836765,30156.591509888378,30192.801145481593,50.029999999999994,49.970000000000006,22.3,red,7.0,9.409305428571429,28.848919857142857,2.0,9.485,28.9,669.0,3801.0,1907.0,3977.0,0.3457028469067714,red,,4.873730214716376,"Dinka (largest), Nuer, Shilluk, Azande, Bari, Murle, Toposa, and other groups; ~60 indigenous groups reported.",Demographics pages report Dinka and Nuer as largest groups with multiple estimates.,https://en.wikipedia.org/wiki/Demographics_of_South_Sudan,57.9,60.9,54.9,1223.0,2.0,3.7,97.4,county,SS,ssd_adminboundaries_tabulardata.xlsx; ssd_2024_population_estimates_data.xlsx; south_sudan_nutrition.csv; who-master-facility-list_april2025.xlsx; wfp_markets_ssd.csv; ssd-dtm-mobility-tracking-r16-baseline-assessment-dataset_updated_20250507.xlsx; gold_country_risk_serving-2026-02-21.csv; demographic_data_iso.csv; web demographics sources
Unity,SS06,Guit,SS0602,3454.181374,SSD,South Sudan,73878.46680688998,8643.780616406128,7454.337300815199,13748.782672762223,13889.151759695316,10269.106886157706,12189.947023136847,3405.7973197976276,4277.56322811893,36067.46749512368,37810.999311766296,51.18000000000001,48.81999999999999,24.1,red,13.0,9.194850846153846,29.968126923076923,1.0,9.17,29.91,3660.0,24002.0,6085.0,892.0,0.3457028469067714,red,,4.873730214716376,"Dinka (largest), Nuer, Shilluk, Azande, Bari, Murle, Toposa, and other groups; ~60 indigenous groups reported.",Demographics pages report Dinka and Nuer as largest groups with multiple estimates.,https://en.wikipedia.org/wiki/Demographics_of_South_Sudan,57.9,60.9,54.9,1223.0,2.0,3.7,97.4,county,SS,ssd_adminboundaries_tabulardata.xlsx; ssd_2024_population_estimates_data.xlsx; south_sudan_nutrition.csv; who-master-facility-list_april2025.xlsx; wfp_markets_ssd.csv; ssd-dtm-mobility-tracking-r16-baseline-assessment-dataset_updated_20250507.xlsx; gold_country_risk_serving-2026-02-21.csv; demographic_data_iso.csv; web demographics sources
Unity,SS06,Koch,SS0603,4396.580842,SSD,South Sudan,115157.92194971234,10018.739209624973,8245.307211599404,19738.067822180696,23261.900233841894,18885.89919975283,20498.110107048797,3742.6324633656513,10767.265702298104,52385.338694924154,62772.5832547882,54.510000000000005,45.49000000000001,24.1,red,14.0,8.632384861083333,29.919575139166668,1.0,8.59,29.99,3604.0,21612.0,17652.0,12330.0,0.3457028469067714,red,,4.873730214716376,"Dinka (largest), Nuer, Shilluk, Azande, Bari, Murle, Toposa, and other groups; ~60 indigenous groups reported.",Demographics pages report Dinka and Nuer as largest groups with multiple estimates.,https://en.wikipedia.org/wiki/Demographics_of_South_Sudan,57.9,60.9,54.9,1223.0,2.0,3.7,97.4,county,SS,ssd_adminboundaries_tabulardata.xlsx; ssd_2024_population_estimates_data.xlsx; south_sudan_nutrition.csv; who-master-facility-list_april2025.xlsx; wfp_markets_ssd.csv; ssd-dtm-mobility-tracking-r16-baseline-assessment-dataset_updated_20250507.xlsx; gold_country_risk_serving-2026-02-21.csv; demographic_data_iso.csv; web demographics sources
Unity,SS06,Leer,SS0604,1610.942212,SSD,South Sudan,86784.04656841136,7940.740261009639,7289.859911746555,14492.935776924694,15794.696475450866,17096.457173977036,19613.194524460967,1076.1221774483008,3480.0402673932954,40606.25538935966,46177.79117905169,53.21,46.789999999999985,24.6,red,14.0,8.299562757142857,30.179610407142857,1.0,8.31,30.14,6553.0,39318.0,13188.0,4428.0,0.3457028469067714,red,,4.873730214716376,"Dinka (largest), Nuer, Shilluk, Azande, Bari, Murle, Toposa, and other groups; ~60 indigenous groups reported.",Demographics pages report Dinka and Nuer as largest groups with multiple estimates.,https://en.wikipedia.org/wiki/Demographics_of_South_Sudan,57.9,60.9,54.9,1223.0,2.0,3.7,97.4,county,SS,ssd_adminboundaries_tabulardata.xlsx; ssd_2024_population_estimates_data.xlsx; south_sudan_nutrition.csv; who-master-facility-list_april2025.xlsx; wfp_markets_ssd.csv; ssd-dtm-mobility-tracking-r16-baseline-assessment-dataset_updated_20250507.xlsx; gold_country_risk_serving-2026-02-21.csv; demographic_data_iso.csv; web demographics sources
Unity,SS06,Mayendit,SS0605,3061.318866,SSD,South Sudan,74335.3299255596,7106.457540883499,5902.225196089433,15000.869578977929,13083.01806689849,13157.35339682405,13157.35339682405,2393.5976236030197,4534.455125459136,37658.278140288494,36677.051785271105,49.339999999999996,50.66,24.6,red,20.0,8.258686812499999,30.0437215625,1.0,8.39,30.08,3747.0,22469.0,8620.0,3912.0,0.3457028469067714,red,,4.873730214716376,"Dinka (largest), Nuer, Shilluk, Azande, Bari, Murle, Toposa, and other groups; ~60 indigenous groups reported.",Demographics pages report Dinka and Nuer as largest groups with multiple estimates.,https://en.wikipedia.org/wiki/Demographics_of_South_Sudan,57.9,60.9,54.9,1223.0,2.0,3.7,97.4,county,SS,ssd_adminboundaries_tabulardata.xlsx; ssd_2024_population_estimates_data.xlsx; south_sudan_nutrition.csv; who-master-facility-list_april2025.xlsx; wfp_markets_ssd.csv; ssd-dtm-mobility-tracking-r16-baseline-assessment-dataset_updated_20250507.xlsx; gold_country_risk_serving-2026-02-21.csv; demographic_data_iso.csv; web demographics sources
Unity,SS06,Mayom,SS0606,4260.420128,SSD,South Sudan,170251.42680984718,19749.165509942275,15816.357550634802,28261.73685043463,33539.5310815399,23154.19404613922,23171.2191888202,12649.681011971647,13909.541570364514,83814.77741848776,86436.6493913594,50.769999999999996,49.23,25.9,red,13.0,8.972079454545453,29.05059981818182,1.0,9.23,29.17,4497.0,30790.0,33205.0,17245.0,0.3457028469067714,red,,4.873730214716376,"Dinka (largest), Nuer, Shilluk, Azande, Bari, Murle, Toposa, and other groups; ~60 indigenous groups reported.",Demographics pages report Dinka and Nuer as largest groups with multiple estimates.,https://en.wikipedia.org/wiki/Demographics_of_South_Sudan,57.9,60.9,54.9,1223.0,2.0,3.7,97.4,county,SS,ssd_adminboundaries_tabulardata.xlsx; ssd_2024_population_estimates_data.xlsx; south_sudan_nutrition.csv; who-master-facility-list_april2025.xlsx; wfp_markets_ssd.csv; ssd-dtm-mobility-tracking-r16-baseline-assessment-dataset_updated_20250507.xlsx; gold_country_risk_serving-2026-02-21.csv; demographic_data_iso.csv; web demographics sources
Unity,SS06,Panyijiar,SS0607,5324.973099,SSD,South Sudan,126238.9889546662,9619.410958345565,12535.531603198353,23253.221765449514,28151.294536890564,26383.94869152524,21713.106100202585,3856.6011125650525,725.8741864893307,63113.182527885365,63125.80642678083,50.005,49.995,24.6,red,37.0,7.575918396969697,30.30899665242424,2.0,7.5600000000000005,30.36,2412.0,14464.0,9626.0,1656.0,0.3457028469067714,red,,4.873730214716376,"Dinka (largest), Nuer, Shilluk, Azande, Bari, Murle, Toposa, and other groups; ~60 indigenous groups reported.",Demographics pages report Dinka and Nuer as largest groups with multiple estimates.,https://en.wikipedia.org/wiki/Demographics_of_South_Sudan,57.9,60.9,54.9,1223.0,2.0,3.7,97.4,county,SS,ssd_adminboundaries_tabulardata.xlsx; ssd_2024_population_estimates_data.xlsx; south_sudan_nutrition.csv; who-master-facility-list_april2025.xlsx; wfp_markets_ssd.csv; ssd-dtm-mobility-tracking-r16-baseline-assessment-dataset_updated_20250507.xlsx; gold_country_risk_serving-2026-02-21.csv; demographic_data_iso.csv; web demographics sources
Unity,SS06,Pariang,SS0608,8978.79235,SSD,South Sudan,143831.91286329075,17691.325282184764,13851.0132087349,24451.42518675943,24019.929448169558,25170.58475107588,27615.727269751824,4257.424620753406,6774.483095860995,71570.75984077348,72261.15302251728,50.239999999999995,49.76,22.3,red,25.0,9.90102298552174,30.050863695652172,4.0,9.975,30.0925,1441.0,8646.0,8226.0,5706.0,0.3457028469067714,red,,4.873730214716376,"Dinka (largest), Nuer, Shilluk, Azande, Bari, Murle, Toposa, and other groups; ~60 indigenous groups reported.",Demographics pages report Dinka and Nuer as largest groups with multiple estimates.,https://en.wikipedia.org/wiki/Demographics_of_South_Sudan,57.9,60.9,54.9,1223.0,2.0,3.7,97.4,county,SS,ssd_adminboundaries_tabulardata.xlsx; ssd_2024_population_estimates_data.xlsx; south_sudan_nutrition.csv; who-master-facility-list_april2025.xlsx; wfp_markets_ssd.csv; ssd-dtm-mobility-tracking-r16-baseline-assessment-dataset_updated_20250507.xlsx; gold_country_risk_serving-2026-02-21.csv; demographic_data_iso.csv; web demographics sources
Unity,SS06,Rubkona,SS0609,3563.94348,SSD,South Sudan,361801.88119399897,36903.79188178789,35890.746614444695,58250.10287223384,60493.27453563662,69827.7630704418,67295.14990208381,13784.651673491362,19356.400643878944,178766.30949795488,183035.57169604406,50.58999999999999,49.41,26.9,red,25.0,9.247129001521738,29.701549253043478,2.0,9.26,29.81,33721.0,225664.0,32331.0,8253.0,0.3457028469067714,red,,4.873730214716376,"Dinka (largest), Nuer, Shilluk, Azande, Bari, Murle, Toposa, and other groups; ~60 indigenous groups reported.",Demographics pages report Dinka and Nuer as largest groups with multiple estimates.,https://en.wikipedia.org/wiki/Demographics_of_South_Sudan,57.9,60.9,54.9,1223.0,2.0,3.7,97.4,county,SS,ssd_adminboundaries_tabulardata.xlsx; ssd_2024_population_estimates_data.xlsx; south_sudan_nutrition.csv; who-master-facility-list_april2025.xlsx; wfp_markets_ssd.csv; ssd-dtm-mobility-tracking-r16-baseline-assessment-dataset_updated_20250507.xlsx; gold_country_risk_serving-2026-02-21.csv; demographic_data_iso.csv; web demographics sources
Upper Nile,SS07,Baliet,SS0701,11675.851171,SSD,South Sudan,76144.96422076739,5825.089762888705,4378.335442694125,19112.386019412614,17208.76191389343,11574.03456155664,10279.5701698036,4271.7324927850495,3495.0538577332236,40783.24283664301,35361.72138412438,46.440000000000005,53.559999999999995,22.6,red,16.0,9.494485742857142,32.1324717,1.0,9.3,32.06,734.0,3676.0,18931.0,2733.0,0.3457028469067714,red,,4.873730214716376,"Dinka (largest), Nuer, Shilluk, Azande, Bari, Murle, Toposa, and other groups; ~60 indigenous groups reported.",Demographics pages report Dinka and Nuer as largest groups with multiple estimates.,https://en.wikipedia.org/wiki/Demographics_of_South_Sudan,57.9,60.9,54.9,1223.0,2.0,3.7,97.4,county,SS,ssd_adminboundaries_tabulardata.xlsx; ssd_2024_population_estimates_data.xlsx; south_sudan_nutrition.csv; who-master-facility-list_april2025.xlsx; wfp_markets_ssd.csv; ssd-dtm-mobility-tracking-r16-baseline-assessment-dataset_updated_20250507.xlsx; gold_country_risk_serving-2026-02-21.csv; demographic_data_iso.csv; web demographics sources
Upper Nile,SS07,Fashoda,SS0702,3594.954547,SSD,South Sudan,83775.09532210129,8628.834818176432,7204.65819770071,16084.818301843445,13739.115632824612,10388.11181994056,14576.866586045624,4188.754766105065,8963.935199464839,39290.5197060655,44484.575616035785,53.1,46.89999999999999,15.5,yellow,18.0,9.951792157058824,32.044633504705885,1.0,9.89,32.11,2025.0,11015.0,10298.0,9662.0,0.3457028469067714,red,,4.873730214716376,"Dinka (largest), Nuer, Shilluk, Azande, Bari, Murle, Toposa, and other groups; ~60 indigenous groups reported.",Demographics pages report Dinka and Nuer as largest groups with multiple estimates.,https://en.wikipedia.org/wiki/Demographics_of_South_Sudan,57.9,60.9,54.9,1223.0,2.0,3.7,97.4,county,SS,ssd_adminboundaries_tabulardata.xlsx; ssd_2024_population_estimates_data.xlsx; south_sudan_nutrition.csv; who-master-facility-list_april2025.xlsx; wfp_markets_ssd.csv; ssd-dtm-mobility-tracking-r16-baseline-assessment-dataset_updated_20250507.xlsx; gold_country_risk_serving-2026-02-21.csv; demographic_data_iso.csv; web demographics sources
Upper Nile,SS07,Longochuk,SS0703,6928.067126,SSD,South Sudan,80526.44469271293,9502.120473740126,6780.326643126428,14051.864598878406,14172.654265917476,14414.233599995616,16830.026940777003,1771.5817832396845,3003.6363870381924,39739.80045585384,40786.644236859094,50.64999999999999,49.35000000000001,17.5,yellow,16.0,9.1359504041875,33.589278826875,,,,199.0,1075.0,24098.0,9128.0,0.3457028469067714,red,,4.873730214716376,"Dinka (largest), Nuer, Shilluk, Azande, Bari, Murle, Toposa, and other groups; ~60 indigenous groups reported.",Demographics pages report Dinka and Nuer as largest groups with multiple estimates.,https://en.wikipedia.org/wiki/Demographics_of_South_Sudan,57.9,60.9,54.9,1223.0,2.0,3.7,97.4,county,SS,ssd_adminboundaries_tabulardata.xlsx; ssd_2024_population_estimates_data.xlsx; south_sudan_nutrition.csv; who-master-facility-list_april2025.xlsx; wfp_markets_ssd.csv; ssd-dtm-mobility-tracking-r16-baseline-assessment-dataset_updated_20250507.xlsx; gold_country_risk_serving-2026-02-21.csv; demographic_data_iso.csv; web demographics sources
Upper Nile,SS07,Luakpiny/Nasir,SS0704,5185.7734,SSD,South Sudan,350741.75235790457,39633.81801644322,41387.526778232736,58047.76001523321,64185.740681496536,56820.16388198053,66640.93294800186,10592.40092120872,13433.409115307744,165094.1428348657,185647.60952303887,52.93,47.07000000000001,17.5,yellow,28.0,8.688917592592592,33.10394848148148,,,,5073.0,25370.0,142919.0,102786.0,0.3457028469067714,red,,4.873730214716376,"Dinka (largest), Nuer, Shilluk, Azande, Bari, Murle, Toposa, and other groups; ~60 indigenous groups reported.",Demographics pages report Dinka and Nuer as largest groups with multiple estimates.,https://en.wikipedia.org/wiki/Demographics_of_South_Sudan,57.9,60.9,54.9,1223.0,2.0,3.7,97.4,county,SS,ssd_adminboundaries_tabulardata.xlsx; ssd_2024_population_estimates_data.xlsx; south_sudan_nutrition.csv; who-master-facility-list_april2025.xlsx; wfp_markets_ssd.csv; ssd-dtm-mobility-tracking-r16-baseline-assessment-dataset_updated_20250507.xlsx; gold_country_risk_serving-2026-02-21.csv; demographic_data_iso.csv; web demographics sources
Upper Nile,SS07,Maban,SS0705,11821.234269,SSD,South Sudan,84550.24776,6797.8399199039995,7178.316034824,17248.250543039998,17544.176410199998,15979.996826639997,14458.092366960002,2240.58156564,3102.994092792,42266.668855223994,42283.578904776004,50.01000000000001,49.989999999999995,22.6,red,26.0,9.982068357961538,33.65561462923077,6.0,10.003333333333334,33.66833333333333,500.0,2683.0,15512.0,18067.0,0.3457028469067714,red,,4.873730214716376,"Dinka (largest), Nuer, Shilluk, Azande, Bari, Murle, Toposa, and other groups; ~60 indigenous groups reported.",Demographics pages report Dinka and Nuer as largest groups with multiple estimates.,https://en.wikipedia.org/wiki/Demographics_of_South_Sudan,57.9,60.9,54.9,1223.0,2.0,3.7,97.4,county,SS,ssd_adminboundaries_tabulardata.xlsx; ssd_2024_population_estimates_data.xlsx; south_sudan_nutrition.csv; who-master-facility-list_april2025.xlsx; wfp_markets_ssd.csv; ssd-dtm-mobility-tracking-r16-baseline-assessment-dataset_updated_20250507.xlsx; gold_country_risk_serving-2026-02-21.csv; demographic_data_iso.csv; web demographics sources
Upper Nile,SS07,Maiwut,SS0706,3686.228324,SSD,South Sudan,147822.5609392596,20695.158531496345,14501.393228141367,26327.198103282135,19069.110361164487,27051.528651884506,28381.931700337842,4641.628413492751,7154.611949460164,78715.51370015575,69107.04723910385,46.74999999999999,53.25000000000001,17.5,yellow,11.0,8.594753636363636,33.727996454545455,1.0,8.62,33.93,18.0,22.0,44435.0,15162.0,0.3457028469067714,red,,4.873730214716376,"Dinka (largest), Nuer, Shilluk, Azande, Bari, Murle, Toposa, and other groups; ~60 indigenous groups reported.",Demographics pages report Dinka and Nuer as largest groups with multiple estimates.,https://en.wikipedia.org/wiki/Demographics_of_South_Sudan,57.9,60.9,54.9,1223.0,2.0,3.7,97.4,county,SS,ssd_adminboundaries_tabulardata.xlsx; ssd_2024_population_estimates_data.xlsx; south_sudan_nutrition.csv; who-master-facility-list_april2025.xlsx; wfp_markets_ssd.csv; ssd-dtm-mobility-tracking-r16-baseline-assessment-dataset_updated_20250507.xlsx; gold_country_risk_serving-2026-02-21.csv; demographic_data_iso.csv; web demographics sources
Upper Nile,SS07,Malakal,SS0707,754.681441,SSD,South Sudan,204041.08946201287,8528.917539512136,6325.2737733223985,18730.972012612783,13752.369429739667,61212.32683860387,52030.47781281328,33054.65649284609,10406.095562562656,121526.87288357488,82514.21657843799,40.43999999999999,59.56,17.7,yellow,19.0,9.548885625716375,31.665618903410298,2.0,9.55,31.65,12680.0,67184.0,11857.0,5085.0,0.3457028469067714,red,,4.873730214716376,"Dinka (largest), Nuer, Shilluk, Azande, Bari, Murle, Toposa, and other groups; ~60 indigenous groups reported.",Demographics pages report Dinka and Nuer as largest groups with multiple estimates.,https://en.wikipedia.org/wiki/Demographics_of_South_Sudan,57.9,60.9,54.9,1223.0,2.0,3.7,97.4,county,SS,ssd_adminboundaries_tabulardata.xlsx; ssd_2024_population_estimates_data.xlsx; south_sudan_nutrition.csv; who-master-facility-list_april2025.xlsx; wfp_markets_ssd.csv; ssd-dtm-mobility-tracking-r16-baseline-assessment-dataset_updated_20250507.xlsx; gold_country_risk_serving-2026-02-21.csv; demographic_data_iso.csv; web demographics sources
Upper Nile,SS07,Manyo,SS0708,6679.019914,SSD,South Sudan,83853.25992273401,8636.885772041602,8075.068930559285,8804.592291887071,9307.711851423475,22514.600289254082,20627.901940992568,2968.405401264784,2918.0934453111436,42924.48375444754,40928.776168286466,48.809999999999995,51.190000000000005,17.7,yellow,23.0,10.93814399,32.417895780555554,,,,4199.0,17387.0,10727.0,18068.0,0.3457028469067714,red,,4.873730214716376,"Dinka (largest), Nuer, Shilluk, Azande, Bari, Murle, Toposa, and other groups; ~60 indigenous groups reported.",Demographics pages report Dinka and Nuer as largest groups with multiple estimates.,https://en.wikipedia.org/wiki/Demographics_of_South_Sudan,57.9,60.9,54.9,1223.0,2.0,3.7,97.4,county,SS,ssd_adminboundaries_tabulardata.xlsx; ssd_2024_population_estimates_data.xlsx; south_sudan_nutrition.csv; who-master-facility-list_april2025.xlsx; wfp_markets_ssd.csv; ssd-dtm-mobility-tracking-r16-baseline-assessment-dataset_updated_20250507.xlsx; gold_country_risk_serving-2026-02-21.csv; demographic_data_iso.csv; web demographics sources
Upper Nile,SS07,Melut,SS0709,6941.452259,SSD,South Sudan,134054.23712139038,13807.58642350321,13941.640660624598,29760.04064094866,25296.034544806367,22253.00336215081,23459.491496243314,1528.2183031838508,4008.221689929572,67348.84872978652,66705.38839160385,49.75999999999999,50.239999999999995,22.6,red,13.0,10.497790827272727,32.46901273636364,1.0,10.45,32.21,395.0,2164.0,1827.0,852.0,0.3457028469067714,red,,4.873730214716376,"Dinka (largest), Nuer, Shilluk, Azande, Bari, Murle, Toposa, and other groups; ~60 indigenous groups reported.",Demographics pages report Dinka and Nuer as largest groups with multiple estimates.,https://en.wikipedia.org/wiki/Demographics_of_South_Sudan,57.9,60.9,54.9,1223.0,2.0,3.7,97.4,county,SS,ssd_adminboundaries_tabulardata.xlsx; ssd_2024_population_estimates_data.xlsx; south_sudan_nutrition.csv; who-master-facility-list_april2025.xlsx; wfp_markets_ssd.csv; ssd-dtm-mobility-tracking-r16-baseline-assessment-dataset_updated_20250507.xlsx; gold_country_risk_serving-2026-02-21.csv; demographic_data_iso.csv; web demographics sources
Upper Nile,SS07,Panyikang,SS0710,5110.313347,SSD,South Sudan,69655.51772290508,2319.528740172739,2110.5621870040236,7474.037051667715,4604.2297214840255,20478.72221053409,13582.82595596649,10239.361105267048,8846.250750808944,40511.64910764159,29143.86861526348,41.839999999999996,58.160000000000004,17.7,yellow,14.0,9.424620999999998,31.423475000000003,1.0,9.47,31.05,1611.0,8888.0,4377.0,3430.0,0.3457028469067714,red,,4.873730214716376,"Dinka (largest), Nuer, Shilluk, Azande, Bari, Murle, Toposa, and other groups; ~60 indigenous groups reported.",Demographics pages report Dinka and Nuer as largest groups with multiple estimates.,https://en.wikipedia.org/wiki/Demographics_of_South_Sudan,57.9,60.9,54.9,1223.0,2.0,3.7,97.4,county,SS,ssd_adminboundaries_tabulardata.xlsx; ssd_2024_population_estimates_data.xlsx; south_sudan_nutrition.csv; who-master-facility-list_april2025.xlsx; wfp_markets_ssd.csv; ssd-dtm-mobility-tracking-r16-baseline-assessment-dataset_updated_20250507.xlsx; gold_country_risk_serving-2026-02-21.csv; demographic_data_iso.csv; web demographics sources
Upper Nile,SS07,Renk,SS0711,10024.072747,SSD,South Sudan,210350.866797482,20214.718299238022,16954.27986387705,47749.64676302841,37863.15602354676,36138.27891580741,36601.05082276187,7362.2803379118695,7467.4557713106105,111464.92431598571,98885.94248149628,47.01,52.989999999999995,27.1,red,23.0,11.824691685714285,32.84186831904762,1.0,11.74,32.81,4812.0,22506.0,24377.0,91559.0,0.3457028469067714,red,,4.873730214716376,"Dinka (largest), Nuer, Shilluk, Azande, Bari, Murle, Toposa, and other groups; ~60 indigenous groups reported.",Demographics pages report Dinka and Nuer as largest groups with multiple estimates.,https://en.wikipedia.org/wiki/Demographics_of_South_Sudan,57.9,60.9,54.9,1223.0,2.0,3.7,97.4,county,SS,ssd_adminboundaries_tabulardata.xlsx; ssd_2024_population_estimates_data.xlsx; south_sudan_nutrition.csv; who-master-facility-list_april2025.xlsx; wfp_markets_ssd.csv; ssd-dtm-mobility-tracking-r16-baseline-assessment-dataset_updated_20250507.xlsx; gold_country_risk_serving-2026-02-21.csv; demographic_data_iso.csv; web demographics sources
Upper Nile,SS07,Ulang,SS0712,4833.574139,SSD,South Sudan,167264.95388549785,13163.751870788681,10788.58952561461,28936.837022191125,32951.19591544308,32432.67455839803,34791.11040818355,5620.102450552728,8580.69213432604,80153.36590193056,87111.58798356727,52.07999999999999,47.919999999999995,17.5,yellow,14.0,8.755296343636363,32.829066647272725,1.0,8.66,32.72,1258.0,6344.0,64752.0,31948.0,0.3457028469067714,red,,4.873730214716376,"Dinka (largest), Nuer, Shilluk, Azande, Bari, Murle, Toposa, and other groups; ~60 indigenous groups reported.",Demographics pages report Dinka and Nuer as largest groups with multiple estimates.,https://en.wikipedia.org/wiki/Demographics_of_South_Sudan,57.9,60.9,54.9,1223.0,2.0,3.7,97.4,county,SS,ssd_adminboundaries_tabulardata.xlsx; ssd_2024_population_estimates_data.xlsx; south_sudan_nutrition.csv; who-master-facility-list_april2025.xlsx; wfp_markets_ssd.csv; ssd-dtm-mobility-tracking-r16-baseline-assessment-dataset_updated_20250507.xlsx; gold_country_risk_serving-2026-02-21.csv; demographic_data_iso.csv; web demographics sources
Warrap,SS08,Gogrial East,SS0801,4424.786235,SSD,South Sudan,138792.54091966676,12685.638240057542,12630.121223689675,26925.752938415353,25315.759463747218,26509.375315656347,23317.14687450402,4954.893710832102,6453.853152764505,71075.66020496134,67716.88071470542,48.790000000000006,51.21,18.3,yellow,18.0,8.444770399999998,28.446592581250002,1.0,8.22,28.39,5508.0,29408.0,59225.0,7202.0,0.3457028469067714,red,,4.873730214716376,"Dinka (largest), Nuer, Shilluk, Azande, Bari, Murle, Toposa, and other groups; ~60 indigenous groups reported.",Demographics pages report Dinka and Nuer as largest groups with multiple estimates.,https://en.wikipedia.org/wiki/Demographics_of_South_Sudan,57.9,60.9,54.9,1223.0,2.0,3.7,97.4,county,SS,ssd_adminboundaries_tabulardata.xlsx; ssd_2024_population_estimates_data.xlsx; south_sudan_nutrition.csv; who-master-facility-list_april2025.xlsx; wfp_markets_ssd.csv; ssd-dtm-mobility-tracking-r16-baseline-assessment-dataset_updated_20250507.xlsx; gold_country_risk_serving-2026-02-21.csv; demographic_data_iso.csv; web demographics sources
Warrap,SS08,Gogrial West,SS0802,4401.063792,SSD,South Sudan,347953.04166178964,29193.26019542415,23312.85379133991,75888.55838643631,65763.12487407825,67154.9370407254,64023.35966576929,7724.557524891731,14892.390183124597,179961.31314747763,167991.72851431204,48.28,51.72000000000001,18.3,yellow,37.0,8.55249239885714,28.036207585714287,2.0,8.685,28.045,10331.0,52974.0,115385.0,18765.0,0.3457028469067714,red,,4.873730214716376,"Dinka (largest), Nuer, Shilluk, Azande, Bari, Murle, Toposa, and other groups; ~60 indigenous groups reported.",Demographics pages report Dinka and Nuer as largest groups with multiple estimates.,https://en.wikipedia.org/wiki/Demographics_of_South_Sudan,57.9,60.9,54.9,1223.0,2.0,3.7,97.4,county,SS,ssd_adminboundaries_tabulardata.xlsx; ssd_2024_population_estimates_data.xlsx; south_sudan_nutrition.csv; who-master-facility-list_april2025.xlsx; wfp_markets_ssd.csv; ssd-dtm-mobility-tracking-r16-baseline-assessment-dataset_updated_20250507.xlsx; gold_country_risk_serving-2026-02-21.csv; demographic_data_iso.csv; web demographics sources
Warrap,SS08,Tonj East,SS0803,4421.407721,SSD,South Sudan,190959.08546222714,15505.877739532843,15238.535019885725,40559.70975217705,37237.02166513429,40101.407947067695,29216.74007572075,8803.21383980867,4296.57942290011,104970.20927858625,85988.87618364088,45.03,54.97,10.5,yellow,15.0,7.898276285714284,29.235100785714284,,,,3061.0,16333.0,38318.0,1236.0,0.3457028469067714,red,,4.873730214716376,"Dinka (largest), Nuer, Shilluk, Azande, Bari, Murle, Toposa, and other groups; ~60 indigenous groups reported.",Demographics pages report Dinka and Nuer as largest groups with multiple estimates.,https://en.wikipedia.org/wiki/Demographics_of_South_Sudan,57.9,60.9,54.9,1223.0,2.0,3.7,97.4,county,SS,ssd_adminboundaries_tabulardata.xlsx; ssd_2024_population_estimates_data.xlsx; south_sudan_nutrition.csv; who-master-facility-list_april2025.xlsx; wfp_markets_ssd.csv; ssd-dtm-mobility-tracking-r16-baseline-assessment-dataset_updated_20250507.xlsx; gold_country_risk_serving-2026-02-21.csv; demographic_data_iso.csv; web demographics sources
Warrap,SS08,Tonj North,SS0804,11227.848441,SSD,South Sudan,271487.43878408574,20578.7478598337,22777.796113984794,49139.22641991952,46967.32690964683,49953.688736271775,49953.688736271775,13330.03324429861,18786.93076385873,133001.6962603236,138485.7425237621,51.00999999999999,48.99,10.5,yellow,23.0,8.109877266666663,28.747883766666664,1.0,8.09,28.64,5415.0,28817.0,49622.0,1063.0,0.3457028469067714,red,,4.873730214716376,"Dinka (largest), Nuer, Shilluk, Azande, Bari, Murle, Toposa, and other groups; ~60 indigenous groups reported.",Demographics pages report Dinka and Nuer as largest groups with multiple estimates.,https://en.wikipedia.org/wiki/Demographics_of_South_Sudan,57.9,60.9,54.9,1223.0,2.0,3.7,97.4,county,SS,ssd_adminboundaries_tabulardata.xlsx; ssd_2024_population_estimates_data.xlsx; south_sudan_nutrition.csv; who-master-facility-list_april2025.xlsx; wfp_markets_ssd.csv; ssd-dtm-mobility-tracking-r16-baseline-assessment-dataset_updated_20250507.xlsx; gold_country_risk_serving-2026-02-21.csv; demographic_data_iso.csv; web demographics sources
Warrap,SS08,Tonj South,SS0805,7423.293096,SSD,South Sudan,126288.73837742697,8802.32506490666,10418.820916137725,23363.416599823988,25068.314567919253,26394.34632088224,23363.416599823988,6491.241152599747,2386.8571553333695,65051.32913821263,61237.40923921433,48.489999999999995,51.51,10.5,yellow,14.0,7.415732592857141,28.780213435714284,1.0,7.27,28.68,3767.0,20352.0,37586.0,1651.0,0.3457028469067714,red,,4.873730214716376,"Dinka (largest), Nuer, Shilluk, Azande, Bari, Murle, Toposa, and other groups; ~60 indigenous groups reported.",Demographics pages report Dinka and Nuer as largest groups with multiple estimates.,https://en.wikipedia.org/wiki/Demographics_of_South_Sudan,57.9,60.9,54.9,1223.0,2.0,3.7,97.4,county,SS,ssd_adminboundaries_tabulardata.xlsx; ssd_2024_population_estimates_data.xlsx; south_sudan_nutrition.csv; who-master-facility-list_april2025.xlsx; wfp_markets_ssd.csv; ssd-dtm-mobility-tracking-r16-baseline-assessment-dataset_updated_20250507.xlsx; gold_country_risk_serving-2026-02-21.csv; demographic_data_iso.csv; web demographics sources
Warrap,SS08,Twic,SS0806,3957.064909,SSD,South Sudan,291674.90537201904,24500.6920512496,17354.65686963513,59210.00579051986,63876.80427647217,50459.75862935929,55651.57194498123,9012.754575995388,11608.661233806359,143183.21104712412,148491.6943248949,50.91,49.08999999999999,18.3,yellow,55.0,9.108595506304347,28.31213149195652,2.0,9.17,28.29,19330.0,89345.0,102046.0,23869.0,0.3457028469067714,red,,4.873730214716376,"Dinka (largest), Nuer, Shilluk, Azande, Bari, Murle, Toposa, and other groups; ~60 indigenous groups reported.",Demographics pages report Dinka and Nuer as largest groups with multiple estimates.,https://en.wikipedia.org/wiki/Demographics_of_South_Sudan,57.9,60.9,54.9,1223.0,2.0,3.7,97.4,county,SS,ssd_adminboundaries_tabulardata.xlsx; ssd_2024_population_estimates_data.xlsx; south_sudan_nutrition.csv; who-master-facility-list_april2025.xlsx; wfp_markets_ssd.csv; ssd-dtm-mobility-tracking-r16-baseline-assessment-dataset_updated_20250507.xlsx; gold_country_risk_serving-2026-02-21.csv; demographic_data_iso.csv; web demographics sources
Western Bahr el Ghazal,SS09,Jur River,SS0901,10048.234458,SSD,South Sudan,293840.4298199531,25593.501437317915,32028.606850374887,58092.25297540473,57886.56467453076,49365.19220975212,57298.883814890854,6346.953284110987,7228.474573570847,139397.89990658575,154442.52991336735,52.559999999999995,47.44,9.9,green,49.0,7.884070414285714,27.986144712244897,1.0,7.93,27.85,2996.0,15132.0,70145.0,2678.0,0.3457028469067714,red,,4.873730214716376,"Dinka (largest), Nuer, Shilluk, Azande, Bari, Murle, Toposa, and other groups; ~60 indigenous groups reported.",Demographics pages report Dinka and Nuer as largest groups with multiple estimates.,https://en.wikipedia.org/wiki/Demographics_of_South_Sudan,57.9,60.9,54.9,1223.0,2.0,3.7,97.4,county,SS,ssd_adminboundaries_tabulardata.xlsx; ssd_2024_population_estimates_data.xlsx; south_sudan_nutrition.csv; who-master-facility-list_april2025.xlsx; wfp_markets_ssd.csv; ssd-dtm-mobility-tracking-r16-baseline-assessment-dataset_updated_20250507.xlsx; gold_country_risk_serving-2026-02-21.csv; demographic_data_iso.csv; web demographics sources
Western Bahr el Ghazal,SS09,Raja,SS0902,62010.580931,SSD,South Sudan,76632.79926403004,7318.4323297148685,6099.970821416791,15518.141850966083,14100.435064581527,14866.763057221828,14790.130257957797,1402.38022653175,2536.545655639394,39105.71746443453,37527.08179959551,48.97,51.03,9.9,green,19.0,8.262865578947366,25.796872421052633,1.0,8.46,25.68,264.0,1365.0,32966.0,36018.0,0.3457028469067714,red,,4.873730214716376,"Dinka (largest), Nuer, Shilluk, Azande, Bari, Murle, Toposa, and other groups; ~60 indigenous groups reported.",Demographics pages report Dinka and Nuer as largest groups with multiple estimates.,https://en.wikipedia.org/wiki/Demographics_of_South_Sudan,57.9,60.9,54.9,1223.0,2.0,3.7,97.4,county,SS,ssd_adminboundaries_tabulardata.xlsx; ssd_2024_population_estimates_data.xlsx; south_sudan_nutrition.csv; who-master-facility-list_april2025.xlsx; wfp_markets_ssd.csv; ssd-dtm-mobility-tracking-r16-baseline-assessment-dataset_updated_20250507.xlsx; gold_country_risk_serving-2026-02-21.csv; demographic_data_iso.csv; web demographics sources
Western Bahr el Ghazal,SS09,Wau,SS0903,19212.83799,SSD,South Sudan,345947.90088488575,45665.12291680492,42897.53970972583,46702.96661945958,60956.020135916864,65038.20536635851,77492.32979821441,4448.890005379631,2746.8263330259924,161855.18490800261,184092.7159768831,53.214000000000006,46.78599999999999,9.9,green,50.0,7.6178650291666665,27.88987606666667,2.0,7.635,27.939999999999998,2179.0,11539.0,203081.0,27586.0,0.3457028469067714,red,,4.873730214716376,"Dinka (largest), Nuer, Shilluk, Azande, Bari, Murle, Toposa, and other groups; ~60 indigenous groups reported.",Demographics pages report Dinka and Nuer as largest groups with multiple estimates.,https://en.wikipedia.org/wiki/Demographics_of_South_Sudan,57.9,60.9,54.9,1223.0,2.0,3.7,97.4,county,SS,ssd_adminboundaries_tabulardata.xlsx; ssd_2024_population_estimates_data.xlsx; south_sudan_nutrition.csv; who-master-facility-list_april2025.xlsx; wfp_markets_ssd.csv; ssd-dtm-mobility-tracking-r16-baseline-assessment-dataset_updated_20250507.xlsx; gold_country_risk_serving-2026-02-21.csv; demographic_data_iso.csv; web demographics sources
Western Equatoria,SS10,Ezo,SS1001,8072.413701,SSD,South Sudan,138291.3288999587,8159.188405097562,11865.396019616455,23924.399899692853,25376.45885314242,25169.02185979248,31668.714318090544,7481.5608934877655,4646.588651038612,64734.17105807066,73557.15784188802,53.18999999999999,46.809999999999995,5.9,green,33.0,5.071386232281247,27.6916720521875,4.0,5.0425,27.765,5666.0,30187.0,6540.0,1481.0,0.3457028469067714,red,,4.873730214716376,"Dinka (largest), Nuer, Shilluk, Azande, Bari, Murle, Toposa, and other groups; ~60 indigenous groups reported.",Demographics pages report Dinka and Nuer as largest groups with multiple estimates.,https://en.wikipedia.org/wiki/Demographics_of_South_Sudan,57.9,60.9,54.9,1223.0,2.0,3.7,97.4,county,SS,ssd_adminboundaries_tabulardata.xlsx; ssd_2024_population_estimates_data.xlsx; south_sudan_nutrition.csv; who-master-facility-list_april2025.xlsx; wfp_markets_ssd.csv; ssd-dtm-mobility-tracking-r16-baseline-assessment-dataset_updated_20250507.xlsx; gold_country_risk_serving-2026-02-21.csv; demographic_data_iso.csv; web demographics sources
Western Equatoria,SS10,Ibba,SS1002,9608.026394,SSD,South Sudan,68543.86315490845,6072.986275524889,4523.894968223958,14188.57967306605,11721.000599489347,15285.281483544586,14051.491946756232,1206.3719915263887,1494.2562167770043,36753.21942366191,31790.643731246542,46.38,53.620000000000005,4.3,green,17.0,4.81429111125,29.107425108125,,,,1157.0,5876.0,8782.0,43.0,0.3457028469067714,red,,4.873730214716376,"Dinka (largest), Nuer, Shilluk, Azande, Bari, Murle, Toposa, and other groups; ~60 indigenous groups reported.",Demographics pages report Dinka and Nuer as largest groups with multiple estimates.,https://en.wikipedia.org/wiki/Demographics_of_South_Sudan,57.9,60.9,54.9,1223.0,2.0,3.7,97.4,county,SS,ssd_adminboundaries_tabulardata.xlsx; ssd_2024_population_estimates_data.xlsx; south_sudan_nutrition.csv; who-master-facility-list_april2025.xlsx; wfp_markets_ssd.csv; ssd-dtm-mobility-tracking-r16-baseline-assessment-dataset_updated_20250507.xlsx; gold_country_risk_serving-2026-02-21.csv; demographic_data_iso.csv; web demographics sources
Western Equatoria,SS10,Maridi,SS1003,7681.287023,SSD,South Sudan,113863.56968791921,11306.652470010378,9587.312567722798,18104.307580379154,19094.92063666405,21406.35110132881,27213.39315541269,2117.8623961952962,5032.769780206029,52935.17354791364,60928.39614000557,53.510000000000005,46.489999999999995,4.3,green,30.0,4.922391909333331,29.59853198833333,1.0,4.92,29.47,1316.0,6950.0,3709.0,153.0,0.3457028469067714,red,,4.873730214716376,"Dinka (largest), Nuer, Shilluk, Azande, Bari, Murle, Toposa, and other groups; ~60 indigenous groups reported.",Demographics pages report Dinka and Nuer as largest groups with multiple estimates.,https://en.wikipedia.org/wiki/Demographics_of_South_Sudan,57.9,60.9,54.9,1223.0,2.0,3.7,97.4,county,SS,ssd_adminboundaries_tabulardata.xlsx; ssd_2024_population_estimates_data.xlsx; south_sudan_nutrition.csv; who-master-facility-list_april2025.xlsx; wfp_markets_ssd.csv; ssd-dtm-mobility-tracking-r16-baseline-assessment-dataset_updated_20250507.xlsx; gold_country_risk_serving-2026-02-21.csv; demographic_data_iso.csv; web demographics sources
Western Equatoria,SS10,Mundri East,SS1004,5079.770169,SSD,South Sudan,103283.47218917139,10204.407052290133,9419.452663652432,16184.520092043156,12807.150551457251,24271.615964455275,23548.631659131075,3800.831776561507,3046.8624295805557,54461.37488535007,48822.09730382131,47.27,52.73,4.3,green,21.0,5.340700190476189,30.622148904761904,,,,2195.0,10975.0,33840.0,0.0,0.3457028469067714,red,,4.873730214716376,"Dinka (largest), Nuer, Shilluk, Azande, Bari, Murle, Toposa, and other groups; ~60 indigenous groups reported.",Demographics pages report Dinka and Nuer as largest groups with multiple estimates.,https://en.wikipedia.org/wiki/Demographics_of_South_Sudan,57.9,60.9,54.9,1223.0,2.0,3.7,97.4,county,SS,ssd_adminboundaries_tabulardata.xlsx; ssd_2024_population_estimates_data.xlsx; south_sudan_nutrition.csv; who-master-facility-list_april2025.xlsx; wfp_markets_ssd.csv; ssd-dtm-mobility-tracking-r16-baseline-assessment-dataset_updated_20250507.xlsx; gold_country_risk_serving-2026-02-21.csv; demographic_data_iso.csv; web demographics sources
Western Equatoria,SS10,Mundri West,SS1005,5872.93643,SSD,South Sudan,51413.10167239171,4868.8207283754955,4668.309631853168,11182.349613745197,8380.33557259985,9778.771938088905,10539.685842840301,791.7617657548324,1203.0665791339661,26621.704045964427,24791.397626427286,48.22,51.779999999999994,4.3,green,19.0,5.121318031578945,30.316892968421055,1.0,5.35,30.32,204.0,1000.0,27740.0,70.0,0.3457028469067714,red,,4.873730214716376,"Dinka (largest), Nuer, Shilluk, Azande, Bari, Murle, Toposa, and other groups; ~60 indigenous groups reported.",Demographics pages report Dinka and Nuer as largest groups with multiple estimates.,https://en.wikipedia.org/wiki/Demographics_of_South_Sudan,57.9,60.9,54.9,1223.0,2.0,3.7,97.4,county,SS,ssd_adminboundaries_tabulardata.xlsx; ssd_2024_population_estimates_data.xlsx; south_sudan_nutrition.csv; who-master-facility-list_april2025.xlsx; wfp_markets_ssd.csv; ssd-dtm-mobility-tracking-r16-baseline-assessment-dataset_updated_20250507.xlsx; gold_country_risk_serving-2026-02-21.csv; demographic_data_iso.csv; web demographics sources
Western Equatoria,SS10,Mvolo,SS1006,5710.893401,SSD,South Sudan,77610.56231485785,8459.551292319506,6208.844985188628,15009.882751693507,13581.848405100121,13659.45896741498,15366.891338341855,2561.1485563903084,2762.936018408939,39690.041567818305,37920.52074703955,48.86000000000001,51.14000000000001,8.8,green,14.0,5.990841076923076,30.08435130769231,,,,0.0,0.0,39902.0,54.0,0.3457028469067714,red,,4.873730214716376,"Dinka (largest), Nuer, Shilluk, Azande, Bari, Murle, Toposa, and other groups; ~60 indigenous groups reported.",Demographics pages report Dinka and Nuer as largest groups with multiple estimates.,https://en.wikipedia.org/wiki/Demographics_of_South_Sudan,57.9,60.9,54.9,1223.0,2.0,3.7,97.4,county,SS,ssd_adminboundaries_tabulardata.xlsx; ssd_2024_population_estimates_data.xlsx; south_sudan_nutrition.csv; who-master-facility-list_april2025.xlsx; wfp_markets_ssd.csv; ssd-dtm-mobility-tracking-r16-baseline-assessment-dataset_updated_20250507.xlsx; gold_country_risk_serving-2026-02-21.csv; demographic_data_iso.csv; web demographics sources
Western Equatoria,SS10,Nagero,SS1007,17959.919986,SSD,South Sudan,61561.0,3699.8161,3576.6940999999997,10834.736,8852.471800000001,13543.420000000002,19083.91,1505.7820600000002,464.16994,29583.754160000004,31977.24584,51.944,48.056000000000004,9.9,green,17.0,6.124411120874999,27.561556625,1.0,6.39,27.77,8412.0,42898.0,12898.0,0.0,0.3457028469067714,red,,4.873730214716376,"Dinka (largest), Nuer, Shilluk, Azande, Bari, Murle, Toposa, and other groups; ~60 indigenous groups reported.",Demographics pages report Dinka and Nuer as largest groups with multiple estimates.,https://en.wikipedia.org/wiki/Demographics_of_South_Sudan,57.9,60.9,54.9,1223.0,2.0,3.7,97.4,county,SS,ssd_adminboundaries_tabulardata.xlsx; ssd_2024_population_estimates_data.xlsx; south_sudan_nutrition.csv; who-master-facility-list_april2025.xlsx; wfp_markets_ssd.csv; ssd-dtm-mobility-tracking-r16-baseline-assessment-dataset_updated_20250507.xlsx; gold_country_risk_serving-2026-02-21.csv; demographic_data_iso.csv; web demographics sources
Western Equatoria,SS10,Nzara,SS1008,6444.071868,SSD,South Sudan,86369.5797916894,8136.014416377141,9759.762516460902,14760.561186399716,14164.611085837061,15460.154782712403,18655.82923500491,3316.591864000872,2116.0547048963904,41673.322249490135,44696.257542199266,51.75000000000001,48.25000000000001,5.9,green,23.0,4.6488169895454545,28.18565155090909,2.0,4.63,28.26,558.0,2895.0,3370.0,91.0,0.3457028469067714,red,,4.873730214716376,"Dinka (largest), Nuer, Shilluk, Azande, Bari, Murle, Toposa, and other groups; ~60 indigenous groups reported.",Demographics pages report Dinka and Nuer as largest groups with multiple estimates.,https://en.wikipedia.org/wiki/Demographics_of_South_Sudan,57.9,60.9,54.9,1223.0,2.0,3.7,97.4,county,SS,ssd_adminboundaries_tabulardata.xlsx; ssd_2024_population_estimates_data.xlsx; south_sudan_nutrition.csv; who-master-facility-list_april2025.xlsx; wfp_markets_ssd.csv; ssd-dtm-mobility-tracking-r16-baseline-assessment-dataset_updated_20250507.xlsx; gold_country_risk_serving-2026-02-21.csv; demographic_data_iso.csv; web demographics sources
Western Equatoria,SS10,Tambura,SS1009,3691.811069,SSD,South Sudan,122912.92702374156,14331.647290968265,12905.857337492864,16961.983929276335,20034.807104869877,24951.32418581954,29007.450777603008,2138.6849302131027,2581.171467498573,58383.64033627724,64529.28668746432,52.5,47.5,9.9,green,30.0,5.570831466666664,27.425457830000003,2.0,5.8149999999999995,27.31,6348.0,28228.0,2470.0,0.0,0.3457028469067714,red,,4.873730214716376,"Dinka (largest), Nuer, Shilluk, Azande, Bari, Murle, Toposa, and other groups; ~60 indigenous groups reported.",Demographics pages report Dinka and Nuer as largest groups with multiple estimates.,https://en.wikipedia.org/wiki/Demographics_of_South_Sudan,57.9,60.9,54.9,1223.0,2.0,3.7,97.4,county,SS,ssd_adminboundaries_tabulardata.xlsx; ssd_2024_population_estimates_data.xlsx; south_sudan_nutrition.csv; who-master-facility-list_april2025.xlsx; wfp_markets_ssd.csv; ssd-dtm-mobility-tracking-r16-baseline-assessment-dataset_updated_20250507.xlsx; gold_country_risk_serving-2026-02-21.csv; demographic_data_iso.csv; web demographics sources
Western Equatoria,SS10,Yambio,SS1010,8792.091821,SSD,South Sudan,173971.84406372416,17762.525278906236,17745.12809449986,29575.21349083311,25399.889233303726,38795.72122621049,38969.69307027421,2296.428341641159,3427.245328055366,88429.888337591,85541.95572613315,49.169999999999995,50.83,5.9,green,60.0,4.625590925263158,28.470804787017546,2.0,4.645,28.55,1619.0,8095.0,26041.0,160.0,0.3457028469067714,red,,4.873730214716376,"Dinka (largest), Nuer, Shilluk, Azande, Bari, Murle, Toposa, and other groups; ~60 indigenous groups reported.",Demographics pages report Dinka and Nuer as largest groups with multiple estimates.,https://en.wikipedia.org/wiki/Demographics_of_South_Sudan,57.9,60.9,54.9,1223.0,2.0,3.7,97.4,county,SS,ssd_adminboundaries_tabulardata.xlsx; ssd_2024_population_estimates_data.xlsx; south_sudan_nutrition.csv; who-master-facility-list_april2025.xlsx; wfp_markets_ssd.csv; ssd-dtm-mobility-tracking-r16-baseline-assessment-dataset_updated_20250507.xlsx; gold_country_risk_serving-2026-02-21.csv; demographic_data_iso.csv; web demographics sources
,,,,642890.918208,SSD,South Sudan,13091601.836778138,,,,,,,,,6497646.494705371,6593955.342072766,50.36782682733612,49.632173172663876,15.381818181818186,,1988.0,,,125.0,,,,1736150.0,1847974.0,1115434.0,0.3457028469067714,red,,4.873730214716376,"Dinka (largest), Nuer, Shilluk, Azande, Bari, Murle, Toposa, and other groups; ~60 indigenous groups reported.",Demographics pages report Dinka and Nuer as largest groups with multiple estimates.,https://en.wikipedia.org/wiki/Demographics_of_South_Sudan,57.9,60.9,54.9,1223.0,2.0,3.7,97.4,national,SS,Aggregated from county rows + demographic_data_iso.csv + gold_country_risk_serving-2026-02-21.csv + web demographics source
,,,,,SDN,Sudan,,,,,,,,,,20857303.0,20281599.0,49.30029006120338,50.6997050772184,,,,,,,,,,,,,,,,,"Sudanese Arabs (majority), Beja, Nuba, Fur, Nubians, and other groups.","Widely cited estimate: Sudanese Arabs ~70%, Beja 5.9%, Nuba 2.5%, Fur 2.0%, Nubians 1.3%, Others 18.3%.",https://en.wikipedia.org/wiki/Demographics_of_Sudan,66.7,70.0,63.6,270.0,3.1,4.2,52.0,national,SD,Demographics of Sudan web source + demographic_data_iso.csv
