iso3,country_name,as_of_date,year,status,risk_score,requirements_usd,funding_usd,funding_gap_ratio,percent_funded_avg,in_need,flood_pop_exposed,flood_area_pct,revised_requirements_usd,recommended_actions,computed_at
BEL,Belgium,2026-02-21,,green,0.001575,,,,,,,,,Maintain baseline support and preparedness.,2026-02-21 20:14:38
HKG,"China, Hong Kong SAR",2026-02-21,,green,0.000475,,,,,,,,,Maintain baseline support and preparedness.,2026-02-21 20:14:38
NGA,Water and Sanitation,2026-02-21,,green,0.12470726474153504,,,,,34676092,93279705,2.7416124851679093,12146842656,Maintain baseline support and preparedness.,2026-02-21 20:14:38
MLI,Mali,2026-02-21,,green,0.13067558367235926,,,,,5100000,23206181,3.23574470104464,10471030802,Maintain baseline support and preparedness.,2026-02-21 20:14:38
BRA,Brazil,2026-02-21,,green,0.023882291481559775,,,,,,,,10831995140,Maintain baseline support and preparedness.,2026-02-21 20:14:38
PRK,Democratic People's Republic of Korea,2026-02-21,,green,0.02288219456891876,,,,,,14909277,3.647024112148302,3358922217,Maintain baseline support and preparedness.,2026-02-21 20:14:38
ARE,United Arab Emirates,2026-02-21,,green,0.013425,,,,,,,,,Maintain baseline support and preparedness.,2026-02-21 20:14:38
NAM,Namibia,2026-02-21,,green,0.03221298298722341,,,,,,276303,1.261486503542399,10870152,Maintain baseline support and preparedness.,2026-02-21 20:14:38
ROU,Romania,2026-02-21,,green,0.009269327264619215,,,,,,,,5246305310,Maintain baseline support and preparedness.,2026-02-21 20:14:38
MNP,Northern Mariana Islands,2026-02-21,,green,0.0014750000000000002,,,,,,,,,Maintain baseline support and preparedness.,2026-02-21 20:14:38
MCO,Monaco,2026-02-21,,green,0.0011,,,,,,,,,Maintain baseline support and preparedness.,2026-02-21 20:14:38
LSO,Lesotho,2026-02-21,,green,0.0518485755827108,,,,,,,,904212147,Maintain baseline support and preparedness.,2026-02-21 20:14:38
ATG,Antigua and Barbuda,2026-02-21,,green,0.005812358028445229,,,,,,,,27054496,Maintain baseline support and preparedness.,2026-02-21 20:14:38
MRT,Mauritania,2026-02-21,,green,0.04963234450391287,,,,,,,,2974518198,Maintain baseline support and preparedness.,2026-02-21 20:14:38
GNQ,Equatorial Guinea,2026-02-21,,green,0.039575,,,,,,,,,Maintain baseline support and preparedness.,2026-02-21 20:14:38
DJI,Djibouti,2026-02-21,,green,0.03281098958926152,,,,,,,,1872760633,Maintain baseline support and preparedness.,2026-02-21 20:14:38
PLW,Palau,2026-02-21,,green,0.00525,,,,,,,,,Maintain baseline support and preparedness.,2026-02-21 20:14:38
BRN,Brunei Darussalam,2026-02-21,,green,0.008450000000000001,,,,,,,,,Maintain baseline support and preparedness.,2026-02-21 20:14:38
TWN,Other non-specified areas,2026-02-21,,green,0.0010500000000000002,,,,,,,,,Maintain baseline support and preparedness.,2026-02-21 20:14:38
ABW,Aruba,2026-02-21,,green,0.018182291481559774,,,,,,,,10831995140,Maintain baseline support and preparedness.,2026-02-21 20:14:38
TUN,Tunisia,2026-02-21,,green,0.008064215920462733,,,,,,,,336182831,Maintain baseline support and preparedness.,2026-02-21 20:14:38
ZMB,Zambia,2026-02-21,,green,0.042968055600650444,,,,,,3665643,1.447812913198482,4976979021,Maintain baseline support and preparedness.,2026-02-21 20:14:38
WLF,Wallis and Futuna Islands,2026-02-21,,green,0.00315,,,,,,,,,Maintain baseline support and preparedness.,2026-02-21 20:14:38
BLZ,Belize,2026-02-21,,green,0.01605,,,,,,,,,Maintain baseline support and preparedness.,2026-02-21 20:14:38
REU,Réunion,2026-02-21,,green,0.0033000000000000004,,,,,,,,,Maintain baseline support and preparedness.,2026-02-21 20:14:38
SUR,Suriname,2026-02-21,,green,0.01235,,,,,,,,,Maintain baseline support and preparedness.,2026-02-21 20:14:38
ARG,Argentina,2026-02-21,,green,0.021207291481559774,,,,,,,,10831995140,Maintain baseline support and preparedness.,2026-02-21 20:14:38
TTO,Trinidad and Tobago,2026-02-21,,green,0.021182291481559774,,,,,,,,10831995140,Maintain baseline support and preparedness.,2026-02-21 20:14:38
PAN,Panama,2026-02-21,,green,0.026657291481559774,,,,,,,,10831995140,Maintain baseline support and preparedness.,2026-02-21 20:14:38
MUS,Mauritius,2026-02-21,,green,0.007450000000000002,,,,,,,,,Maintain baseline support and preparedness.,2026-02-21 20:14:38
BRB,Barbados,2026-02-21,,green,0.00495,,,,,,,,,Maintain baseline support and preparedness.,2026-02-21 20:14:38
TCD,Violence Basée sur le Genre (VBG),2026-02-21,,green,0.32327744264916003,,,,,19232334,18000535,3.364463776653746,14713583437,Maintain baseline support and preparedness.,2026-02-21 20:14:38
GMB,Gambia,2026-02-21,,green,0.045272446672644295,,,,,,,,577506863,Maintain baseline support and preparedness.,2026-02-21 20:14:38
GLP,Guadeloupe,2026-02-21,,green,0.0019500000000000001,,,,,,,,,Maintain baseline support and preparedness.,2026-02-21 20:14:38
KOR,Republic of Korea,2026-02-21,,green,0.001025,,,,,,,,,Maintain baseline support and preparedness.,2026-02-21 20:14:38
SLV,El Salvador,2026-02-21,,green,0.007498233541409199,,,,,,,,451342591,Maintain baseline support and preparedness.,2026-02-21 20:14:38
SYC,Seychelles,2026-02-21,,green,0.011675000000000001,,,,,,,,,Maintain baseline support and preparedness.,2026-02-21 20:14:38
FSM,Micronesia (Fed. States of),2026-02-21,,green,0.011225,,,,,,,,,Maintain baseline support and preparedness.,2026-02-21 20:14:38
KHM,Cambodia,2026-02-21,,green,0.0430442880852237,,,,,,36033486,10.359644042611853,,Maintain baseline support and preparedness.,2026-02-21 20:14:38
BFA,GHO Estimates,2026-02-21,,green,0.10412601070042685,,,,,4400000,6664205,0.790723464129252,9143982691,Maintain baseline support and preparedness.,2026-02-21 20:14:38
NZL,New Zealand,2026-02-21,,green,0.005,,,,,,,,,Maintain baseline support and preparedness.,2026-02-21 20:14:38
GIN,Guinea,2026-02-21,,green,0.06804510817923333,,,,,,,,4468361260,Maintain baseline support and preparedness.,2026-02-21 20:14:38
JEY,Jersey,2026-02-21,,green,0.002925,,,,,,,,,Maintain baseline support and preparedness.,2026-02-21 20:14:38
GUF,French Guiana,2026-02-21,,green,0.010675000000000002,,,,,,,,,Maintain baseline support and preparedness.,2026-02-21 20:14:38
ERI,Eritrea,2026-02-21,,green,0.035837761264648486,,,,,,,,787751228,Maintain baseline support and preparedness.,2026-02-21 20:14:38
TUV,Tuvalu,2026-02-21,,green,0.004725,,,,,,,,,Maintain baseline support and preparedness.,2026-02-21 20:14:38
BIH,Bosnia and Herzegovina,2026-02-21,,green,0.0016,,,,,,,,,Maintain baseline support and preparedness.,2026-02-21 20:14:38
LUX,Luxembourg,2026-02-21,,green,0.006700000000000001,,,,,,,,,Maintain baseline support and preparedness.,2026-02-21 20:14:38
KIR,Kiribati,2026-02-21,,green,0.024075000000000003,,,,,,,,,Maintain baseline support and preparedness.,2026-02-21 20:14:38
MAR,Morocco,2026-02-21,,green,0.012025000000000001,,,,,,,,,Maintain baseline support and preparedness.,2026-02-21 20:14:38
GRL,Greenland,2026-02-21,,green,0.002775,,,,,,,,,Maintain baseline support and preparedness.,2026-02-21 20:14:38
SMR,San Marino,2026-02-21,,green,0.0008500000000000001,,,,,,,,,Maintain baseline support and preparedness.,2026-02-21 20:14:38
CZE,Czechia,2026-02-21,,green,0.0055477041737679155,,,,,,,,3456368319,Maintain baseline support and preparedness.,2026-02-21 20:14:38
MWI,Malawi,2026-02-21,,green,0.04444600156286454,,,,,,6396633,1.5084897933936248,383115050,Maintain baseline support and preparedness.,2026-02-21 20:14:38
UGA,Uganda,2026-02-21,,green,0.05942052977824383,,,,,,,,16363568835,Maintain baseline support and preparedness.,2026-02-21 20:14:38
AIA,Anguilla,2026-02-21,,green,0.004862358028445228,,,,,,,,27054496,Maintain baseline support and preparedness.,2026-02-21 20:14:38
SLB,Solomon Islands,2026-02-21,,green,0.021775690421814646,,,,,,,,500000,Maintain baseline support and preparedness.,2026-02-21 20:14:38
NPL,Nepal,2026-02-21,,green,0.017935075133955414,,,,,,11513430,0.9407490902542455,1070777981,Maintain baseline support and preparedness.,2026-02-21 20:14:38
FRO,Faroe Islands,2026-02-21,,green,0.006675,,,,,,,,,Maintain baseline support and preparedness.,2026-02-21 20:14:38
LBN,Lebanon,2026-02-21,,green,0.10831351230415696,,,,,,,,71596457562,Maintain baseline support and preparedness.,2026-02-21 20:14:38
LAO,Lao People's Democratic Republic (the),2026-02-21,,green,0.02497041380256071,,,,,,6102912,1.606996466807716,22754835,Maintain baseline support and preparedness.,2026-02-21 20:14:38
CUB,Cuba,2026-02-21,,green,0.0035428916303250233,,,,,,,,157796021,Maintain baseline support and preparedness.,2026-02-21 20:14:38
COL,GHO Estimates,2026-02-21,,green,0.06727963702281287,,,,,6900000,17307490,2.032245942891433,14003594571,Maintain baseline support and preparedness.,2026-02-21 20:14:38
BLM,Saint Barthélemy,2026-02-21,,green,0.007987358028445229,,,,,,,,27054496,Maintain baseline support and preparedness.,2026-02-21 20:14:38
GAB,Gabon,2026-02-21,,green,0.030674999999999997,,,,,,,,,Maintain baseline support and preparedness.,2026-02-21 20:14:38
CYP,Cyprus,2026-02-21,,green,0.008624999999999999,,,,,,,,,Maintain baseline support and preparedness.,2026-02-21 20:14:38
NLD,Netherlands (Kingdom of the),2026-02-21,,green,0.0040750000000000005,,,,,,,,,Maintain baseline support and preparedness.,2026-02-21 20:14:38
GIB,Gibraltar,2026-02-21,,green,0.012075,,,,,,,,,Maintain baseline support and preparedness.,2026-02-21 20:14:38
AUT,Austria,2026-02-21,,green,0.0010750000000000002,,,,,,,,,Maintain baseline support and preparedness.,2026-02-21 20:14:38
AND,Andorra,2026-02-21,,green,0.006950000000000001,,,,,,,,,Maintain baseline support and preparedness.,2026-02-21 20:14:38
VNM,Viet Nam,2026-02-21,,green,0.02552290842902544,,,,,,149353750,7.58496242528185,165104559,Maintain baseline support and preparedness.,2026-02-21 20:14:38
CIV,Côte dIvoire,2026-02-21,,green,0.0561557537716073,,,,,,,,2756107709,Maintain baseline support and preparedness.,2026-02-21 20:14:38
MMR,WASH,2026-02-21,,green,0.290781712694083,,,,,68423330,86324315,3.64658938328602,8301833520,Maintain baseline support and preparedness.,2026-02-21 20:14:38
GRC,Greece,2026-02-21,,green,0.002124981736837193,,,,,,,,669867114,Maintain baseline support and preparedness.,2026-02-21 20:14:38
SGP,Singapore,2026-02-21,,green,0.0039000000000000003,,,,,,,,,Maintain baseline support and preparedness.,2026-02-21 20:14:38
FRA,France,2026-02-21,,green,0.0023250000000000002,,,,,,,,,Maintain baseline support and preparedness.,2026-02-21 20:14:38
DMA,Dominica,2026-02-21,,green,0.007717967176826106,,,,,,,,31116613,Maintain baseline support and preparedness.,2026-02-21 20:14:38
RUS,Russian Federation,2026-02-21,,green,0.0025527258125275266,,,,,,,,418386123,Maintain baseline support and preparedness.,2026-02-21 20:14:38
GRD,Grenada,2026-02-21,,green,0.005098967092907323,,,,,,,,35461722,Maintain baseline support and preparedness.,2026-02-21 20:14:38
USA,United States of America,2026-02-21,,green,0.004975,,,,,,,,,Maintain baseline support and preparedness.,2026-02-21 20:14:38
MNG,Mongolia,2026-02-21,,green,0.010651039853804906,,,,,,,,36962805,Maintain baseline support and preparedness.,2026-02-21 20:14:38
BGR,Bulgaria,2026-02-21,,green,0.006547704173767916,,,,,,,,3456368319,Maintain baseline support and preparedness.,2026-02-21 20:14:38
AGO,Angola,2026-02-21,,green,0.05100314978163137,,,,,,9467371,0.7350248170519192,5763216036,Maintain baseline support and preparedness.,2026-02-21 20:14:38
POL,Poland,2026-02-21,,green,0.008269327264619214,,,,,,,,5246305310,Maintain baseline support and preparedness.,2026-02-21 20:14:38
PAK,Pakistan,2026-02-21,,green,0.0479980212493444,,,,,,135672973,2.4547735788561456,9532921623,Maintain baseline support and preparedness.,2026-02-21 20:14:38
VGB,British Virgin Islands,2026-02-21,,green,0.005987358028445229,,,,,,,,27054496,Maintain baseline support and preparedness.,2026-02-21 20:14:38
CUW,Curaçao,2026-02-21,,green,0.017357291481559775,,,,,,,,10831995140,Maintain baseline support and preparedness.,2026-02-21 20:14:38
PRT,Portugal,2026-02-21,,green,0.001325,,,,,,,,,Maintain baseline support and preparedness.,2026-02-21 20:14:38
ASM,American Samoa,2026-02-21,,green,0.00255,,,,,,,,,Maintain baseline support and preparedness.,2026-02-21 20:14:38
TUR,Türkiye,2026-02-21,,green,0.10287856515693156,,,,,,,,70919373548,Maintain baseline support and preparedness.,2026-02-21 20:14:38
KNA,Saint Kitts and Nevis,2026-02-21,,green,0.004537358028445229,,,,,,,,27054496,Maintain baseline support and preparedness.,2026-02-21 20:14:38
TLS,Timor-Leste,2026-02-21,,green,0.027948280657954853,,,,,,,,270327972,Maintain baseline support and preparedness.,2026-02-21 20:14:38
MDG,Madagascar,2026-02-21,,green,0.05283380458184887,,,,,,23298695,2.1510545056523847,819568231,Maintain baseline support and preparedness.,2026-02-21 20:14:38
HUN,Hungary,2026-02-21,,green,0.008869327264619213,,,,,,,,5246305310,Maintain baseline support and preparedness.,2026-02-21 20:14:38
EST,Estonia,2026-02-21,,green,0.005572704173767916,,,,,,,,3456368319,Maintain baseline support and preparedness.,2026-02-21 20:14:38
PER,Peru,2026-02-21,,green,0.026639029549384456,,,,,,,,10909294311,Maintain baseline support and preparedness.,2026-02-21 20:14:38
FLK,Falkland Islands (Malvinas),2026-02-21,,green,0.00255,,,,,,,,,Maintain baseline support and preparedness.,2026-02-21 20:14:38
EGY,Egypt,2026-02-21,,green,0.10693869156296056,,,,,,,,68609283161,Maintain baseline support and preparedness.,2026-02-21 20:14:38
CHE,Switzerland,2026-02-21,,green,0.003725000000000001,,,,,,,,,Maintain baseline support and preparedness.,2026-02-21 20:14:38
MYT,Mayotte,2026-02-21,,green,0.0181,,,,,,,,,Maintain baseline support and preparedness.,2026-02-21 20:14:38
NCL,New Caledonia,2026-02-21,,green,0.007075000000000001,,,,,,,,,Maintain baseline support and preparedness.,2026-02-21 20:14:38
CHL,Chile,2026-02-21,,green,0.019757291481559774,,,,,,,,10831995140,Maintain baseline support and preparedness.,2026-02-21 20:14:38
BTN,Bhutan,2026-02-21,,green,0.011625,,,,,,,,,Maintain baseline support and preparedness.,2026-02-21 20:14:38
PSE,State of Palestine,2026-02-21,,green,0.04730277019463895,,,,,,,,23393503442,Maintain baseline support and preparedness.,2026-02-21 20:14:38
TKM,Turkmenistan,2026-02-21,,green,0.018657314451817605,,,,,,,,1236428525,Maintain baseline support and preparedness.,2026-02-21 20:14:38
BHS,Bahamas (The),2026-02-21,,green,0.00893735802844523,,,,,,,,27054496,Maintain baseline support and preparedness.,2026-02-21 20:14:38
KEN,Kenya,2026-02-21,,green,0.06356974066763718,,,,,,,,12814442050,Maintain baseline support and preparedness.,2026-02-21 20:14:38
LIE,Liechtenstein,2026-02-21,,green,0.004575,,,,,,,,,Maintain baseline support and preparedness.,2026-02-21 20:14:38
GEO,Georgia,2026-02-21,,green,0.003407776232857829,,,,,,,,114260753,Maintain baseline support and preparedness.,2026-02-21 20:14:38
URY,Uruguay,2026-02-21,,green,0.017607291481559775,,,,,,,,10831995140,Maintain baseline support and preparedness.,2026-02-21 20:14:38
IDN,Indonesia,2026-02-21,,green,0.01804524223113587,,,,,,,,394861677,Maintain baseline support and preparedness.,2026-02-21 20:14:38
PNG,Papua New Guinea,2026-02-21,,green,0.027750000000000004,,,,,,,,,Maintain baseline support and preparedness.,2026-02-21 20:14:38
MOZ,"Water, Sanitation and Hygiene (WASH)",2026-02-21,,green,0.15725153069875775,,,,,15719515,20324670,2.4156425711412624,4493914370,Maintain baseline support and preparedness.,2026-02-21 20:14:38
IRL,Ireland,2026-02-21,,green,0.006025000000000001,,,,,,,,,Maintain baseline support and preparedness.,2026-02-21 20:14:38
PRI,Puerto Rico,2026-02-21,,green,0.003275,,,,,,,,,Maintain baseline support and preparedness.,2026-02-21 20:14:38
JOR,Jordan,2026-02-21,,green,0.10149389221046472,,,,,,,,69663132139,Maintain baseline support and preparedness.,2026-02-21 20:14:38
SXM,Sint Maarten (Dutch part),2026-02-21,,green,0.01003735802844523,,,,,,,,27054496,Maintain baseline support and preparedness.,2026-02-21 20:14:38
QAT,Qatar,2026-02-21,,green,0.012050000000000002,,,,,,,,,Maintain baseline support and preparedness.,2026-02-21 20:14:38
CAF,Violence Basée sur le Genre (VBG),2026-02-21,,yellow,0.3325912754488143,,,,,11655715,1839194,0.5128016313314179,8900842880,Escalate monitoring and pre-position targeted resources.,2026-02-21 20:14:38
SDN,Sudan,2026-02-21,,green,0.2635043792782391,,,,,33699770,24465946,1.062020363877266,40860578631,Maintain baseline support and preparedness.,2026-02-21 20:14:38
SAU,Saudi Arabia,2026-02-21,,green,0.011075000000000002,,,,,,,,,Maintain baseline support and preparedness.,2026-02-21 20:14:38
BLR,Belarus,2026-02-21,,green,0.0008,,,,,,,,,Maintain baseline support and preparedness.,2026-02-21 20:14:38
STP,Sao Tome and Principe,2026-02-21,,green,0.020475,,,,,,,,,Maintain baseline support and preparedness.,2026-02-21 20:14:38
ESH,Western Sahara,2026-02-21,,green,0.015025,,,,,,,,,Maintain baseline support and preparedness.,2026-02-21 20:14:38
CRI,Costa Rica,2026-02-21,,green,0.019882291481559775,,,,,,,,10831995140,Maintain baseline support and preparedness.,2026-02-21 20:14:38
TZA,United Republic of Tanzania,2026-02-21,,green,0.04587348591435126,,,,,,13156828,1.496210547516015,5580693321,Maintain baseline support and preparedness.,2026-02-21 20:14:38
BWA,Botswana,2026-02-21,,green,0.026300000000000004,,,,,,,,,Maintain baseline support and preparedness.,2026-02-21 20:14:38
WSM,Samoa,2026-02-21,,green,0.009675000000000001,,,,,,,,,Maintain baseline support and preparedness.,2026-02-21 20:14:38
ESP,Spain,2026-02-21,,green,0.00085,,,,,,,,,Maintain baseline support and preparedness.,2026-02-21 20:14:38
MSR,Montserrat,2026-02-21,,green,0.0015,,,,,,,,,Maintain baseline support and preparedness.,2026-02-21 20:14:38
BGD,Bangladesh,2026-02-21,,green,0.05067094330175951,,,,,,425758105,9.9260184684741,9898953129,Maintain baseline support and preparedness.,2026-02-21 20:14:38
LVA,Latvia,2026-02-21,,green,0.006497704173767916,,,,,,,,3456368319,Maintain baseline support and preparedness.,2026-02-21 20:14:38
HTI,Sécurité Alimentaire,2026-02-21,,green,0.3056512163810728,,,,,31989741,7299095,3.2329347153636308,8878881497,Maintain baseline support and preparedness.,2026-02-21 20:14:38
IND,India,2026-02-21,,green,0.016425000000000002,,,,,,,,,Maintain baseline support and preparedness.,2026-02-21 20:14:38
THA,Thailand,2026-02-21,,green,0.01211347435315562,,,,,,50355691,4.10673717657781,,Maintain baseline support and preparedness.,2026-02-21 20:14:38
MDA,Republic of Moldova,2026-02-21,,green,0.010719327264619214,,,,,,,,5246305310,Maintain baseline support and preparedness.,2026-02-21 20:14:38
GNB,Guinea-Bissau,2026-02-21,,green,0.060905251469828135,,,,,,,,2248807471,Maintain baseline support and preparedness.,2026-02-21 20:14:38
FIN,Finland,2026-02-21,,green,0.0009500000000000002,,,,,,,,,Maintain baseline support and preparedness.,2026-02-21 20:14:38
ISL,Iceland,2026-02-21,,green,0.006050000000000001,,,,,,,,,Maintain baseline support and preparedness.,2026-02-21 20:14:38
NOR,Norway,2026-02-21,,green,0.0040999999999999995,,,,,,,,,Maintain baseline support and preparedness.,2026-02-21 20:14:38
GGY,Guernsey,2026-02-21,,green,0.003125,,,,,,,,,Maintain baseline support and preparedness.,2026-02-21 20:14:38
ETH,Ethiopia,2026-02-21,,green,0.07498076016524333,,,,,,,,27994306774,Maintain baseline support and preparedness.,2026-02-21 20:14:38
SPM,Saint Pierre and Miquelon,2026-02-21,,green,0.0023,,,,,,,,,Maintain baseline support and preparedness.,2026-02-21 20:14:38
LBY,Libya,2026-02-21,,green,0.017338710402081528,,,,,,,,4137840289,Maintain baseline support and preparedness.,2026-02-21 20:14:38
MNE,Montenegro,2026-02-21,,green,0.0011,,,,,,,,,Maintain baseline support and preparedness.,2026-02-21 20:14:38
LTU,Lithuania,2026-02-21,,green,0.006147704173767916,,,,,,,,3456368319,Maintain baseline support and preparedness.,2026-02-21 20:14:38
CYM,Cayman Islands,2026-02-21,,green,0.009375000000000001,,,,,,,,,Maintain baseline support and preparedness.,2026-02-21 20:14:38
GTM,Guatemala,2026-02-21,,green,0.018476366315414446,,,,,,,,725184441,Maintain baseline support and preparedness.,2026-02-21 20:14:38
COG,Congo,2026-02-21,,green,0.04059684135396929,,,,,,,,4016994565,Maintain baseline support and preparedness.,2026-02-21 20:14:38
YEM,Yemen,2026-02-21,,green,0.23121959639646444,,,,,23100000,4499244,2.753745424479444,39779457750,Maintain baseline support and preparedness.,2026-02-21 20:14:38
TCA,Turks and Caicos Islands,2026-02-21,,green,0.004912358028445228,,,,,,,,27054496,Maintain baseline support and preparedness.,2026-02-21 20:14:38
TKL,Tokelau,2026-02-21,,green,0.019775000000000004,,,,,,,,,Maintain baseline support and preparedness.,2026-02-21 20:14:38
BMU,Bermuda,2026-02-21,,green,0.00055,,,,,,,,,Maintain baseline support and preparedness.,2026-02-21 20:14:38
GUY,Guyana,2026-02-21,,green,0.029010829744228715,,,,,,,,10834557532,Maintain baseline support and preparedness.,2026-02-21 20:14:38
RWA,Rwanda,2026-02-21,,green,0.03950081290289311,,,,,,,,5069953436,Maintain baseline support and preparedness.,2026-02-21 20:14:38
LCA,Saint Lucia,2026-02-21,,green,0.008675,,,,,,,,,Maintain baseline support and preparedness.,2026-02-21 20:14:38
JPN,Japan,2026-02-21,,green,0.0007750000000000001,,,,,,,,,Maintain baseline support and preparedness.,2026-02-21 20:14:38
JAM,Jamaica,2026-02-21,,green,0.009550000000000001,,,,,,,,,Maintain baseline support and preparedness.,2026-02-21 20:14:38
NER,Niger,2026-02-21,,green,0.10703577127820008,,,,,2600000,9083620,1.6939534428217045,10428677837,Maintain baseline support and preparedness.,2026-02-21 20:14:38
VAT,Holy See,2026-02-21,,green,0.0047,,,,,,,,,Maintain baseline support and preparedness.,2026-02-21 20:14:38
GBR,United Kingdom,2026-02-21,,green,0.004525,,,,,,,,,Maintain baseline support and preparedness.,2026-02-21 20:14:38
NRU,Nauru,2026-02-21,,green,0.009225,,,,,,,,,Maintain baseline support and preparedness.,2026-02-21 20:14:38
SVK,Slovakia,2026-02-21,,green,0.008644327264619214,,,,,,,,5246305310,Maintain baseline support and preparedness.,2026-02-21 20:14:38
IRN,Iran (Islamic Republic of),2026-02-21,,green,0.012994125941199282,,,,,,,,3453776981,Maintain baseline support and preparedness.,2026-02-21 20:14:38
DZA,Algeria,2026-02-21,,green,0.015325,,,,,,,,,Maintain baseline support and preparedness.,2026-02-21 20:14:38
MAF,Saint Martin (French part),2026-02-21,,green,0.002287358028445228,,,,,,,,27054496,Maintain baseline support and preparedness.,2026-02-21 20:14:38
BES,"Bonaire, St. Eustatius & Saba",2026-02-21,,green,0.013000000000000001,,,,,,,,,Maintain baseline support and preparedness.,2026-02-21 20:14:38
MEX,Mexico,2026-02-21,,green,0.024932291481559773,,,,,,,,10831995140,Maintain baseline support and preparedness.,2026-02-21 20:14:38
MYS,Malaysia,2026-02-21,,green,0.008050000000000002,,,,,,,,,Maintain baseline support and preparedness.,2026-02-21 20:14:38
CPV,Cabo Verde,2026-02-21,,green,0.007898521681058568,,,,,,,,361026890,Maintain baseline support and preparedness.,2026-02-21 20:14:38
AFG,"Water, Sanitation and Hygiene",2026-02-21,,yellow,0.345812381959802,,,,,103436970,2475882,0.9890602509512542,26874340201,Escalate monitoring and pre-position targeted resources.,2026-02-21 20:14:38
GHA,Ghana,2026-02-21,,green,0.03477798420431116,,,,,,,,2011802166,Maintain baseline support and preparedness.,2026-02-21 20:14:38
VCT,Saint Vincent and the Grenadines,2026-02-21,,green,0.006536106451189469,,,,,,,,8043236,Maintain baseline support and preparedness.,2026-02-21 20:14:38
UKR,"Water, Sanitation & Hygiene",2026-02-21,,green,0.2960627074051665,,,,,48664624,,,18657222917,Maintain baseline support and preparedness.,2026-02-21 20:14:38
AZE,Azerbaijan,2026-02-21,,green,0.00915,,,,,,,,,Maintain baseline support and preparedness.,2026-02-21 20:14:38
SSD,"Water, Sanitation and Hygiene",2026-02-21,,yellow,0.3600528469067715,,,,,51871258,18413066,4.873730214716376,26038709753,Escalate monitoring and pre-position targeted resources.,2026-02-21 20:14:38
MDV,Maldives,2026-02-21,,green,0.00565,,,,,,,,,Maintain baseline support and preparedness.,2026-02-21 20:14:38
NIU,Niue,2026-02-21,,green,0.005750000000000001,,,,,,,,,Maintain baseline support and preparedness.,2026-02-21 20:14:38
SYR,Syrian Arab Republic,2026-02-21,,green,0.254437162375977,,,,,16500000,,,50226070791,Maintain baseline support and preparedness.,2026-02-21 20:14:38
BDI,Burundi,2026-02-21,,green,0.05887662425100103,,,,,,687131,1.7823197220751195,4896995332,Maintain baseline support and preparedness.,2026-02-21 20:14:38
PHL,Philippines,2026-02-21,,green,0.02238308908037992,,,,,,133482147,2.3378825010855664,2395147436,Maintain baseline support and preparedness.,2026-02-21 20:14:38
MLT,Malta,2026-02-21,,green,0.005975000000000001,,,,,,,,,Maintain baseline support and preparedness.,2026-02-21 20:14:38
DOM,Dominican Republic,2026-02-21,,green,0.03203293212664526,,,,,,,,10850563966,Maintain baseline support and preparedness.,2026-02-21 20:14:38
ZAF,South Africa,2026-02-21,,green,0.019475,,,,,,,,,Maintain baseline support and preparedness.,2026-02-21 20:14:38
AUS,Australia,2026-02-21,,green,0.005925000000000001,,,,,,,,,Maintain baseline support and preparedness.,2026-02-21 20:14:38
SVN,Slovenia,2026-02-21,,green,0.001599981736837193,,,,,,,,669867114,Maintain baseline support and preparedness.,2026-02-21 20:14:38
VEN,Venezuela (Bolivarian Republic of),2026-02-21,,green,0.10279364987449897,,,,,7900000,8196650,3.0674104966205515,5837433795,Maintain baseline support and preparedness.,2026-02-21 20:14:38
ALB,Albania,2026-02-21,,green,0.002425,,,,,,,,,Maintain baseline support and preparedness.,2026-02-21 20:14:38
ISR,Israel,2026-02-21,,green,0.008074999999999999,,,,,,,,,Maintain baseline support and preparedness.,2026-02-21 20:14:38
ITA,Italy,2026-02-21,,green,0.0008750000000000001,,,,,,,,,Maintain baseline support and preparedness.,2026-02-21 20:14:38
IRQ,Iraq,2026-02-21,,green,0.12356247237436807,,,,,,18659778,1.8812361871840353,72419496226,Maintain baseline support and preparedness.,2026-02-21 20:14:38
TJK,Tajikistan,2026-02-21,,green,0.018354145907089205,,,,,,,,1596231362,Maintain baseline support and preparedness.,2026-02-21 20:14:38
BHR,Bahrain,2026-02-21,,green,0.0128,,,,,,,,,Maintain baseline support and preparedness.,2026-02-21 20:14:38
IMN,Isle of Man,2026-02-21,,green,0.0033000000000000004,,,,,,,,,Maintain baseline support and preparedness.,2026-02-21 20:14:38
PYF,French Polynesia,2026-02-21,,green,0.0024500000000000004,,,,,,,,,Maintain baseline support and preparedness.,2026-02-21 20:14:38
PRY,Paraguay,2026-02-21,,green,0.029232291481559772,,,,,,,,10831995140,Maintain baseline support and preparedness.,2026-02-21 20:14:38
GUM,Guam,2026-02-21,,green,0.006350000000000001,,,,,,,,,Maintain baseline support and preparedness.,2026-02-21 20:14:38
BEN,Benin,2026-02-21,,green,0.0611734168644167,,,,,,,,2823213854,Maintain baseline support and preparedness.,2026-02-21 20:14:38
BOL,Bolivia (Plurinational State of),2026-02-21,,green,0.038406168240113905,,,,,,,,10125091606,Maintain baseline support and preparedness.,2026-02-21 20:14:38
OMN,Oman,2026-02-21,,green,0.020775000000000002,,,,,,,,,Maintain baseline support and preparedness.,2026-02-21 20:14:38
MHL,Marshall Islands,2026-02-21,,green,0.006700000000000001,,,,,,,,,Maintain baseline support and preparedness.,2026-02-21 20:14:38
KAZ,Kazakhstan,2026-02-21,,green,0.008575,,,,,,,,,Maintain baseline support and preparedness.,2026-02-21 20:14:38
MKD,North Macedonia,2026-02-21,,green,0.002749981736837193,,,,,,,,669867114,Maintain baseline support and preparedness.,2026-02-21 20:14:38
NIC,Nicaragua,2026-02-21,,green,0.013678131189732975,,,,,,,,56582214,Maintain baseline support and preparedness.,2026-02-21 20:14:38
CHN,China,2026-02-21,,green,0.003025,,,,,,,,,Maintain baseline support and preparedness.,2026-02-21 20:14:38
MTQ,Martinique,2026-02-21,,green,0.0018500000000000003,,,,,,,,,Maintain baseline support and preparedness.,2026-02-21 20:14:38
CAN,Canada,2026-02-21,,green,0.006175000000000001,,,,,,,,,Maintain baseline support and preparedness.,2026-02-21 20:14:38
UZB,Uzbekistan,2026-02-21,,green,0.015807314451817604,,,,,,,,1236428525,Maintain baseline support and preparedness.,2026-02-21 20:14:38
TGO,Togo,2026-02-21,,green,0.048782182167403196,,,,,,,,3064925005,Maintain baseline support and preparedness.,2026-02-21 20:14:38
DNK,Denmark,2026-02-21,,green,0.003075000000000001,,,,,,,,,Maintain baseline support and preparedness.,2026-02-21 20:14:38
COK,Cook Islands,2026-02-21,,green,0.0015500000000000002,,,,,,,,,Maintain baseline support and preparedness.,2026-02-21 20:14:38
HRV,Croatia,2026-02-21,,green,0.002149981736837193,,,,,,,,669867114,Maintain baseline support and preparedness.,2026-02-21 20:14:38
ECU,Ecuador,2026-02-21,,green,0.026476615227103834,,,,,,,,11751233002,Maintain baseline support and preparedness.,2026-02-21 20:14:38
FJI,Fiji,2026-02-21,,green,0.009428342057060779,,,,,,,,38630049,Maintain baseline support and preparedness.,2026-02-21 20:14:38
VIR,United States Virgin Islands,2026-02-21,,green,0.0013500000000000003,,,,,,,,,Maintain baseline support and preparedness.,2026-02-21 20:14:38
SLE,Sierra Leone,2026-02-21,,green,0.06330900354753526,,,,,,,,5528506911,Maintain baseline support and preparedness.,2026-02-21 20:14:38
KGZ,Kyrgyzstan,2026-02-21,,green,0.013675489355324836,,,,,,,,108983633,Maintain baseline support and preparedness.,2026-02-21 20:14:38
ZWE,Zimbabwe,2026-02-21,,green,0.049209761130059315,,,,,,876689,0.655525165643895,7059967249,Maintain baseline support and preparedness.,2026-02-21 20:14:38
SEN,Senegal,2026-02-21,,green,0.036208168266237364,,,,,,,,2486283163,Maintain baseline support and preparedness.,2026-02-21 20:14:38
TON,Tonga,2026-02-21,,green,0.0088,,,,,,,,,Maintain baseline support and preparedness.,2026-02-21 20:14:38
SHN,Saint Helena,2026-02-21,,green,0.0033250000000000003,,,,,,,,,Maintain baseline support and preparedness.,2026-02-21 20:14:38
DEU,Germany,2026-02-21,,green,0.001025,,,,,,,,,Maintain baseline support and preparedness.,2026-02-21 20:14:38
LKA,Sri Lanka,2026-02-21,,green,0.01324945655680863,,,,,,10102354,2.785883908398327,1613280963,Maintain baseline support and preparedness.,2026-02-21 20:14:38
SWE,Sweden,2026-02-21,,green,0.0028500000000000005,,,,,,,,,Maintain baseline support and preparedness.,2026-02-21 20:14:38
SRB,Serbia,2026-02-21,,green,0.002574981736837193,,,,,,,,669867114,Maintain baseline support and preparedness.,2026-02-21 20:14:38
ARM,Armenia,2026-02-21,,green,0.00385,,,,,,,,,Maintain baseline support and preparedness.,2026-02-21 20:14:38
CMR,GHO Estimates,2026-02-21,,green,0.08416106471457753,,,,,2900000,19011820,1.3611874214236421,4918151548,Maintain baseline support and preparedness.,2026-02-21 20:14:38
SOM,"Water, Sanitation and Hygiene",2026-02-21,,yellow,0.3590392204014996,,,,,35351232,6684829,0.9331923195752773,25634934334,Escalate monitoring and pre-position targeted resources.,2026-02-21 20:14:38
MAC,"China, Macao SAR",2026-02-21,,green,0.0013250000000000002,,,,,,,,,Maintain baseline support and preparedness.,2026-02-21 20:14:38
COM,Comoros,2026-02-21,,green,0.030675000000000004,,,,,,,,,Maintain baseline support and preparedness.,2026-02-21 20:14:38
VUT,Vanuatu,2026-02-21,,green,0.019852082274754157,,,,,,,,37717721,Maintain baseline support and preparedness.,2026-02-21 20:14:38
COD,Violence Basée sur le Genre (VBG),2026-02-21,,green,0.27913590026555113,,,,,79037528,23068393,1.2421095111772347,29152363199,Maintain baseline support and preparedness.,2026-02-21 20:14:38
KWT,Kuwait,2026-02-21,,green,0.010200000000000002,,,,,,,,,Maintain baseline support and preparedness.,2026-02-21 20:14:38
LBR,Liberia,2026-02-21,,green,0.06668604978404921,,,,,,,,6435232488,Maintain baseline support and preparedness.,2026-02-21 20:14:38
SWZ,Eswatini,2026-02-21,,green,0.02959962380970982,,,,,,,,35937313,Maintain baseline support and preparedness.,2026-02-21 20:14:38
HND,Honduras,2026-02-21,,green,0.024318761894938982,,,,,,1983986,3.8384539260673995,1007973686,Maintain baseline support and preparedness.,2026-02-21 20:14:38